#NTracks by Sensor
0 216
1 855
2 1534
3 2231
4 2476
5 1978
6 1245
7 599
8 125
9 192
10 938
11 1693
12 2421
13 2534
14 1989
15 1269
16 572
17 105
18 197
19 898
20 1828
21 2513
22 2782
23 2292
24 1382
25 619
26 119
27 234
28 994
29 1686
30 2541
31 2680
32 2176
33 1381
34 568
35 96
36 225
37 969
38 1892
39 2668
40 2773
41 2293
42 1328
43 603
44 109
45 197
46 875
47 1623
48 2165
49 2480
50 2150
51 1360
52 580
53 103
54 186
55 831
56 1740
57 2391
58 2556
59 2044
60 1301
61 573
62 107
63 213
64 1007
65 1885
66 2582
67 2804
68 2217
69 1409
70 620
71 117
72 217
73 987
74 1816
75 2574
76 2700
77 2158
78 1328
79 627
80 106
81 202
82 858
83 1592
84 2342
85 2580
86 2070
87 1302
88 570
89 95
90 219
91 949
92 1810
93 2495
94 2787
95 2195
96 1369
97 587
98 104
99 184
100 833
101 1640
102 2352
103 2550
104 2067
105 1280
106 545
107 123
108 253
109 744
110 1317
111 1730
112 1860
113 1528
114 1037
115 507
116 155
117 238
118 735
119 1321
120 1823
121 1818
122 1475
123 964
124 481
125 138
126 239
127 707
128 1239
129 1665
130 1856
131 1500
132 1005
133 509
134 158
135 202
136 717
137 1323
138 1739
139 1870
140 1599
141 1057
142 501
143 133
144 272
145 805
146 1343
147 1855
148 1965
149 1586
150 1084
151 496
152 128
153 260
154 735
155 1322
156 1843
157 1904
158 1606
159 994
160 509
161 137
162 250
163 790
164 1380
165 1813
166 1992
167 1647
168 1077
169 478
170 171
171 225
172 719
173 1281
174 1555
175 1757
176 1575
177 1043
178 503
179 120
180 227
181 680
182 1255
183 1741
184 1891
185 1589
186 1020
187 494
188 142
189 229
190 800
191 1447
192 1932
193 1944
194 1641
195 1036
196 507
197 168
198 252
199 767
200 1318
201 1781
202 1959
203 1637
204 1102
205 528
206 136
207 248
208 761
209 1355
210 1801
211 1932
212 1525
213 974
214 518
215 147
216 240
217 684
218 1223
219 1707
220 1873
221 1533
222 1033
223 456
224 117
225 250
226 694
227 1299
228 1679
229 1965
230 1633
231 1043
232 510
233 143
234 262
235 729
236 1327
237 1715
238 1864
239 1551
240 1010
241 501
242 132
243 222
244 678
245 1279
246 1835
247 1882
248 1515
249 1046
250 477
251 153
252 310
253 674
254 1133
255 1490
256 1516
257 1274
258 936
259 470
260 183
261 283
262 606
263 1123
264 1413
265 1441
266 1231
267 846
268 478
269 201
270 313
271 692
272 1112
273 1454
274 1498
275 1287
276 874
277 500
278 198
279 268
280 600
281 1025
282 1389
283 1510
284 1181
285 920
286 550
287 205
288 286
289 650
290 1099
291 1380
292 1482
293 1259
294 897
295 473
296 176
297 331
298 725
299 1176
300 1530
301 1582
302 1266
303 936
304 493
305 189
306 313
307 636
308 1074
309 1435
310 1537
311 1377
312 894
313 495
314 200
315 324
316 650
317 1149
318 1467
319 1504
320 1277
321 880
322 480
323 164
324 306
325 663
326 1112
327 1419
328 1489
329 1331
330 961
331 463
332 221
333 292
334 769
335 1195
336 1300
337 1575
338 1429
339 933
340 515
341 175
342 298
343 698
344 1171
345 1527
346 1664
347 1429
348 919
349 512
350 189
351 282
352 801
353 1187
354 1590
355 1658
356 1351
357 907
358 507
359 195
360 325
361 613
362 1043
363 1412
364 1483
365 1345
366 904
367 504
368 218
369 313
370 721
371 1139
372 1496
373 1586
374 1297
375 934
376 498
377 185
378 280
379 613
380 1043
381 1336
382 1393
383 1206
384 801
385 489
386 185
387 291
388 602
389 949
390 1335
391 1439
392 1213
393 892
394 418
395 169
396 303
397 588
398 1099
399 1371
400 1529
401 1335
402 917
403 494
404 181
405 301
406 650
407 1032
408 1296
409 1455
410 1281
411 927
412 475
413 173
414 313
415 666
416 1087
417 1418
418 1497
419 1274
420 885
421 458
422 193
423 295
424 711
425 1147
426 1581
427 1589
428 1378
429 946
430 529
431 207
432 4
433 10
434 16
435 37
436 36
437 47
438 50
439 34
440 36
441 31
442 22
443 12
444 7
445 6
446 61
447 80
448 73
449 93
450 86
451 92
452 90
453 63
454 79
455 66
456 65
457 61
458 61
459 44
460 98
461 85
462 107
463 96
464 93
465 83
466 59
467 47
468 44
469 67
470 65
471 75
472 84
473 81
474 47
475 47
476 43
477 24
478 20
479 15
480 6
481 7
482 10
483 13
484 31
485 33
486 41
487 59
488 7
489 11
490 25
491 20
492 37
493 48
494 60
495 58
496 55
497 32
498 23
499 20
500 12
501 5
502 67
503 65
504 89
505 84
506 91
507 92
508 86
509 97
510 83
511 78
512 87
513 83
514 66
515 43
516 110
517 101
518 100
519 77
520 70
521 68
522 63
523 56
524 62
525 63
526 62
527 95
528 88
529 86
530 65
531 41
532 45
533 29
534 12
535 9
536 6
537 8
538 16
539 11
540 30
541 28
542 39
543 45
544 5
545 11
546 19
547 33
548 43
549 49
550 67
551 54
552 43
553 32
554 24
555 22
556 14
557 5
558 76
559 77
560 87
561 96
562 81
563 83
564 94
565 96
566 98
567 98
568 82
569 72
570 69
571 58
572 107
573 99
574 92
575 86
576 67
577 62
578 61
579 53
580 67
581 81
582 76
583 64
584 80
585 90
586 42
587 34
588 40
589 32
590 19
591 13
592 4
593 7
594 15
595 25
596 28
597 22
598 41
599 43
600 1
601 15
602 25
603 40
604 28
605 39
606 50
607 57
608 47
609 45
610 27
611 16
612 23
613 9
614 72
615 87
616 73
617 69
618 104
619 90
620 103
621 104
622 96
623 88
624 94
625 74
626 64
627 70
628 82
629 97
630 67
631 80
632 66
633 50
634 57
635 49
636 69
637 92
638 80
639 109
640 98
641 101
642 53
643 57
644 39
645 29
646 8
647 9
648 11
649 4
650 9
651 13
652 42
653 37
654 43
655 49
656 8
657 14
658 18
659 32
660 41
661 52
662 68
663 52
664 42
665 33
666 35
667 20
668 18
669 2
670 74
671 71
672 80
673 86
674 98
675 105
676 105
677 95
678 111
679 76
680 81
681 86
682 80
683 56
684 91
685 89
686 83
687 91
688 72
689 77
690 52
691 53
692 70
693 61
694 81
695 95
696 82
697 111
698 51
699 37
700 30
701 28
702 19
703 6
704 7
705 2
706 9
707 14
708 33
709 42
710 35
711 45
712 4
713 9
714 24
715 35
716 33
717 47
718 30
719 63
720 47
721 54
722 32
723 15
724 8
725 6
726 80
727 71
728 69
729 79
730 79
731 97
732 94
733 93
734 101
735 114
736 93
737 78
738 72
739 68
740 99
741 90
742 85
743 77
744 65
745 76
746 49
747 69
748 60
749 72
750 92
751 87
752 87
753 104
754 49
755 49
756 42
757 36
758 24
759 13
760 5
761 9
762 16
763 15
764 36
765 37
766 46
767 65
768 5
769 11
770 15
771 37
772 34
773 42
774 62
775 54
776 48
777 35
778 34
779 18
780 11
781 4
782 57
783 79
784 59
785 96
786 76
787 111
788 96
789 88
790 76
791 90
792 80
793 90
794 74
795 58
796 90
797 82
798 86
799 0
800 80
801 84
802 59
803 64
804 71
805 74
806 86
807 84
808 83
809 94
810 48
811 64
812 56
813 37
814 23
815 11
816 2
817 6
818 10
819 21
820 36
821 44
822 38
823 48
824 7
825 8
826 27
827 26
828 58
829 44
830 59
831 55
832 39
833 43
834 38
835 17
836 17
837 8
838 53
839 68
840 69
841 93
842 87
843 113
844 103
845 85
846 104
847 75
848 96
849 92
850 58
851 75
852 91
853 102
854 78
855 83
856 83
857 61
858 60
859 60
860 56
861 86
862 96
863 80
864 95
865 80
866 57
867 55
868 47
869 36
870 13
871 11
872 8
873 7
874 8
875 22
876 34
877 35
878 36
879 45
880 8
881 7
882 21
883 22
884 41
885 49
886 58
887 50
888 32
889 35
890 28
891 18
892 9
893 4
894 63
895 81
896 84
897 102
898 102
899 90
900 113
901 95
902 104
903 76
904 96
905 75
906 65
907 52
908 88
909 81
910 87
911 80
912 93
913 86
914 75
915 61
916 79
917 67
918 82
919 83
920 90
921 90
922 50
923 55
924 47
925 31
926 25
927 20
928 7
929 7
930 15
931 21
932 37
933 44
934 40
935 46
936 4
937 8
938 25
939 47
940 36
941 53
942 58
943 60
944 38
945 38
946 32
947 19
948 10
949 8
950 76
951 95
952 74
953 74
954 99
955 89
956 102
957 85
958 78
959 87
960 79
961 72
962 66
963 66
964 97
965 102
966 81
967 69
968 68
969 73
970 53
971 52
972 70
973 90
974 78
975 85
976 82
977 102
978 58
979 55
980 47
981 40
982 24
983 12
984 10
985 17
986 10
987 28
988 38
989 30
990 49
991 61
992 12
993 18
994 18
995 30
996 42
997 59
998 44
999 50
1000 45
1001 50
1002 37
1003 22
1004 10
1005 4
1006 68
1007 93
1008 80
1009 81
1010 86
1011 85
1012 94
1013 97
1014 97
1015 74
1016 91
1017 100
1018 62
1019 0
1020 88
1021 97
1022 87
1023 90
1024 68
1025 62
1026 82
1027 57
1028 72
1029 62
1030 85
1031 77
1032 82
1033 120
1034 58
1035 35
1036 42
1037 32
1038 23
1039 13
1040 5
1041 7
1042 7
1043 18
1044 32
1045 45
1046 43
1047 50
1048 9
1049 8
1050 22
1051 37
1052 42
1053 47
1054 66
1055 46
1056 43
1057 40
1058 33
1059 21
1060 18
1061 8
1062 57
1063 77
1064 96
1065 91
1066 121
1067 109
1068 101
1069 98
1070 100
1071 79
1072 94
1073 78
1074 59
1075 49
1076 89
1077 97
1078 93
1079 79
1080 94
1081 66
1082 72
1083 60
1084 70
1085 80
1086 87
1087 98
1088 102
1089 101
1090 41
1091 45
1092 43
1093 32
1094 28
1095 10
1096 9
1097 13
1098 16
1099 20
1100 25
1101 45
1102 51
1103 58
1104 10
1105 14
1106 32
1107 24
1108 33
1109 52
1110 54
1111 61
1112 42
1113 42
1114 33
1115 19
1116 7
1117 8
1118 72
1119 72
1120 82
1121 93
1122 102
1123 95
1124 129
1125 89
1126 84
1127 79
1128 100
1129 104
1130 72
1131 45
1132 97
1133 86
1134 109
1135 78
1136 72
1137 63
1138 57
1139 50
1140 74
1141 60
1142 83
1143 85
1144 86
1145 101
1146 67
1147 54
1148 38
1149 32
1150 20
1151 12
1152 7
1153 5
1154 11
1155 18
1156 28
1157 43
1158 43
1159 55
1160 13
1161 10
1162 28
1163 39
1164 48
1165 47
1166 54
1167 52
1168 54
1169 48
1170 29
1171 27
1172 20
1173 8
1174 61
1175 71
1176 79
1177 79
1178 95
1179 110
1180 100
1181 89
1182 111
1183 100
1184 83
1185 75
1186 74
1187 63
1188 91
1189 103
1190 90
1191 99
1192 69
1193 68
1194 66
1195 67
1196 56
1197 68
1198 80
1199 92
1200 92
1201 114
1202 41
1203 53
1204 42
1205 29
1206 29
1207 16
1208 8
1209 7
1210 16
1211 30
1212 27
1213 33
1214 44
1215 40
1216 7
1217 8
1218 25
1219 34
1220 40
1221 40
1222 75
1223 71
1224 53
1225 42
1226 35
1227 23
1228 14
1229 4
1230 56
1231 63
1232 86
1233 97
1234 81
1235 95
1236 95
1237 89
1238 101
1239 94
1240 85
1241 86
1242 65
1243 74
1244 80
1245 95
1246 95
1247 90
1248 78
1249 57
1250 73
1251 59
1252 64
1253 77
1254 92
1255 91
1256 98
1257 107
1258 59
1259 49
1260 34
1261 27
1262 26
1263 8
1264 4
1265 5
1266 12
1267 22
1268 26
1269 32
1270 48
1271 44
1272 1
1273 18
1274 23
1275 47
1276 39
1277 55
1278 70
1279 52
1280 41
1281 53
1282 39
1283 25
1284 16
1285 5
1286 49
1287 97
1288 77
1289 100
1290 82
1291 98
1292 71
1293 90
1294 101
1295 93
1296 82
1297 93
1298 66
1299 56
1300 100
1301 90
1302 80
1303 78
1304 67
1305 72
1306 51
1307 63
1308 57
1309 76
1310 90
1311 87
1312 92
1313 104
1314 64
1315 49
1316 37
1317 33
1318 29
1319 15
1320 8
1321 3
1322 22
1323 18
1324 34
1325 43
1326 54
1327 56
1328 5
1329 12
1330 19
1331 28
1332 41
1333 59
1334 53
1335 67
1336 46
1337 33
1338 34
1339 23
1340 16
1341 6
1342 72
1343 73
1344 84
1345 100
1346 121
1347 95
1348 105
1349 88
1350 99
1351 109
1352 91
1353 90
1354 62
1355 55
1356 111
1357 99
1358 90
1359 94
1360 83
1361 62
1362 66
1363 64
1364 70
1365 61
1366 88
1367 91
1368 86
1369 74
1370 55
1371 44
1372 43
1373 30
1374 18
1375 14
1376 9
1377 6
1378 11
1379 14
1380 32
1381 36
1382 45
1383 64
1384 6
1385 17
1386 28
1387 31
1388 41
1389 51
1390 54
1391 65
1392 56
1393 44
1394 38
1395 22
1396 17
1397 7
1398 66
1399 73
1400 68
1401 74
1402 99
1403 86
1404 87
1405 91
1406 94
1407 92
1408 76
1409 69
1410 58
1411 64
1412 93
1413 102
1414 106
1415 94
1416 63
1417 70
1418 67
1419 66
1420 60
1421 59
1422 79
1423 82
1424 86
1425 89
1426 48
1427 38
1428 43
1429 29
1430 20
1431 21
1432 6
1433 4
1434 13
1435 16
1436 35
1437 59
1438 56
1439 50
1440 7
1441 9
1442 18
1443 28
1444 30
1445 43
1446 49
1447 64
1448 44
1449 47
1450 36
1451 25
1452 13
1453 8
1454 51
1455 78
1456 79
1457 70
1458 84
1459 92
1460 75
1461 99
1462 101
1463 80
1464 81
1465 95
1466 77
1467 64
1468 95
1469 99
1470 92
1471 88
1472 60
1473 74
1474 51
1475 44
1476 72
1477 68
1478 84
1479 97
1480 100
1481 92
1482 43
1483 44
1484 56
1485 39
1486 22
1487 11
1488 7
1489 7
1490 8
1491 18
1492 30
1493 41
1494 54
1495 60
1496 5
1497 12
1498 21
1499 33
1500 52
1501 47
1502 60
1503 59
1504 46
1505 38
1506 41
1507 29
1508 9
1509 7
1510 57
1511 64
1512 70
1513 85
1514 79
1515 108
1516 106
1517 98
1518 85
1519 79
1520 88
1521 91
1522 65
1523 70
1524 96
1525 82
1526 98
1527 83
1528 67
1529 74
1530 68
1531 64
1532 60
1533 81
1534 78
1535 101
1536 88
1537 111
1538 53
1539 52
1540 53
1541 48
1542 21
1543 10
1544 10
1545 7
1546 23
1547 20
1548 46
1549 37
1550 44
1551 52
1552 8
1553 14
1554 23
1555 33
1556 45
1557 40
1558 50
1559 53
1560 55
1561 33
1562 39
1563 17
1564 9
1565 4
1566 59
1567 50
1568 73
1569 90
1570 96
1571 97
1572 97
1573 95
1574 118
1575 94
1576 84
1577 71
1578 78
1579 51
1580 100
1581 80
1582 81
1583 74
1584 92
1585 61
1586 59
1587 59
1588 62
1589 85
1590 62
1591 86
1592 83
1593 96
1594 50
1595 57
1596 45
1597 48
1598 19
1599 12
1600 0
1601 5
1602 15
1603 21
1604 28
1605 31
1606 46
1607 55
1608 4
1609 14
1610 26
1611 31
1612 44
1613 39
1614 42
1615 46
1616 42
1617 42
1618 31
1619 32
1620 10
1621 5
1622 36
1623 63
1624 64
1625 76
1626 83
1627 74
1628 91
1629 105
1630 82
1631 113
1632 75
1633 70
1634 53
1635 74
1636 98
1637 106
1638 75
1639 80
1640 76
1641 65
1642 62
1643 59
1644 77
1645 67
1646 66
1647 90
1648 85
1649 87
1650 46
1651 51
1652 30
1653 31
1654 33
1655 12
1656 3
1657 6
1658 22
1659 25
1660 40
1661 36
1662 31
1663 51
1664 7
1665 11
1666 24
1667 33
1668 35
1669 50
1670 65
1671 51
1672 37
1673 43
1674 37
1675 25
1676 12
1677 3
1678 54
1679 55
1680 79
1681 91
1682 85
1683 91
1684 95
1685 89
1686 104
1687 85
1688 92
1689 71
1690 67
1691 45
1692 103
1693 79
1694 78
1695 88
1696 63
1697 76
1698 67
1699 68
1700 50
1701 70
1702 67
1703 84
1704 83
1705 90
1706 55
1707 44
1708 38
1709 43
1710 25
1711 14
1712 4
1713 9
1714 13
1715 18
1716 20
1717 32
1718 50
1719 44
1720 0
1721 1
1722 9
1723 21
1724 25
1725 19
1726 26
1727 51
1728 44
1729 33
1730 30
1731 21
1732 15
1733 11
1734 40
1735 37
1736 40
1737 42
1738 46
1739 56
1740 54
1741 95
1742 88
1743 84
1744 86
1745 78
1746 71
1747 65
1748 52
1749 54
1750 57
1751 52
1752 48
1753 36
1754 42
1755 49
1756 63
1757 66
1758 77
1759 88
1760 93
1761 75
1762 27
1763 23
1764 25
1765 25
1766 8
1767 7
1768 3
1769 9
1770 17
1771 16
1772 42
1773 32
1774 43
1775 53
1776 10
1777 9
1778 20
1779 38
1780 49
1781 55
1782 60
1783 40
1784 28
1785 26
1786 23
1787 13
1788 7
1789 4
1790 78
1791 75
1792 96
1793 88
1794 117
1795 113
1796 106
1797 8
1798 6
1799 8
1800 8
1801 7
1802 8
1803 5
1804 109
1805 98
1806 107
1807 79
1808 77
1809 66
1810 62
1811 39
1812 46
1813 43
1814 65
1815 62
1816 53
1817 57
1818 47
1819 50
1820 59
1821 36
1822 20
1823 14
1824 8
1825 6
1826 7
1827 15
1828 16
1829 28
1830 45
1831 31
1832 10
1833 20
1834 30
1835 44
1836 44
1837 45
1838 45
1839 59
1840 43
1841 48
1842 43
1843 29
1844 15
1845 8
1846 67
1847 95
1848 81
1849 78
1850 90
1851 104
1852 105
1853 126
1854 127
1855 111
1856 77
1857 77
1858 83
1859 59
1860 107
1861 116
1862 98
1863 90
1864 70
1865 80
1866 67
1867 45
1868 93
1869 82
1870 86
1871 115
1872 107
1873 103
1874 65
1875 51
1876 48
1877 36
1878 32
1879 15
1880 4
1881 9
1882 15
1883 25
1884 40
1885 34
1886 57
1887 70
1888 7
1889 16
1890 26
1891 30
1892 41
1893 57
1894 51
1895 59
1896 52
1897 46
1898 40
1899 16
1900 17
1901 5
1902 78
1903 71
1904 95
1905 98
1906 79
1907 98
1908 97
1909 101
1910 102
1911 101
1912 96
1913 83
1914 80
1915 66
1916 81
1917 119
1918 103
1919 82
1920 88
1921 51
1922 76
1923 61
1924 55
1925 69
1926 95
1927 87
1928 100
1929 103
1930 62
1931 48
1932 50
1933 52
1934 27
1935 13
1936 7
1937 7
1938 14
1939 25
1940 29
1941 51
1942 51
1943 58
1944 11
1945 17
1946 21
1947 34
1948 45
1949 49
1950 57
1951 58
1952 55
1953 36
1954 46
1955 31
1956 18
1957 6
1958 67
1959 70
1960 81
1961 91
1962 91
1963 98
1964 101
1965 100
1966 80
1967 83
1968 95
1969 76
1970 73
1971 80
1972 104
1973 88
1974 93
1975 80
1976 84
1977 73
1978 71
1979 72
1980 59
1981 54
1982 79
1983 100
1984 87
1985 114
1986 53
1987 44
1988 35
1989 36
1990 31
1991 14
1992 9
1993 8
1994 11
1995 31
1996 31
1997 45
1998 40
1999 56
2000 11
2001 13
2002 28
2003 34
2004 49
2005 56
2006 60
2007 59
2008 41
2009 39
2010 45
2011 20
2012 10
2013 6
2014 61
2015 71
2016 81
2017 85
2018 106
2019 102
2020 104
2021 85
2022 116
2023 78
2024 96
2025 78
2026 71
2027 77
2028 96
2029 103
2030 95
2031 97
2032 57
2033 67
2034 64
2035 66
2036 59
2037 86
2038 83
2039 94
2040 94
2041 82
2042 51
2043 55
2044 38
2045 34
2046 21
2047 11
2048 4
2049 7
2050 14
2051 17
2052 29
2053 36
2054 32
2055 51
2056 5
2057 19
2058 21
2059 32
2060 51
2061 48
2062 46
2063 64
2064 51
2065 32
2066 25
2067 29
2068 11
2069 6
2070 57
2071 86
2072 62
2073 74
2074 94
2075 93
2076 95
2077 98
2078 95
2079 90
2080 91
2081 75
2082 67
2083 51
2084 89
2085 99
2086 99
2087 76
2088 79
2089 83
2090 69
2091 55
2092 71
2093 78
2094 78
2095 90
2096 82
2097 92
2098 57
2099 49
2100 42
2101 45
2102 28
2103 9
2104 5
2105 5
2106 17
2107 25
2108 31
2109 39
2110 41
2111 50
2112 3
2113 12
2114 19
2115 26
2116 41
2117 50
2118 46
2119 45
2120 41
2121 41
2122 21
2123 19
2124 13
2125 2
2126 62
2127 70
2128 83
2129 84
2130 108
2131 95
2132 110
2133 96
2134 106
2135 76
2136 95
2137 69
2138 62
2139 57
2140 100
2141 93
2142 92
2143 71
2144 69
2145 70
2146 57
2147 63
2148 68
2149 67
2150 92
2151 87
2152 91
2153 82
2154 58
2155 58
2156 30
2157 31
2158 13
2159 10
2160 10
2161 4
2162 14
2163 18
2164 35
2165 40
2166 42
2167 53
2168 6
2169 14
2170 21
2171 34
2172 41
2173 45
2174 67
2175 60
2176 55
2177 43
2178 29
2179 17
2180 14
2181 4
2182 76
2183 55
2184 81
2185 80
2186 91
2187 83
2188 74
2189 99
2190 92
2191 90
2192 79
2193 78
2194 75
2195 53
2196 103
2197 97
2198 91
2199 80
2200 89
2201 79
2202 54
2203 47
2204 85
2205 72
2206 82
2207 88
2208 85
2209 118
2210 46
2211 54
2212 43
2213 27
2214 17
2215 22
2216 8
2217 6
2218 18
2219 23
2220 39
2221 44
2222 41
2223 52
2224 2
2225 8
2226 25
2227 34
2228 40
2229 38
2230 55
2231 47
2232 42
2233 31
2234 35
2235 22
2236 13
2237 9
2238 65
2239 64
2240 110
2241 101
2242 105
2243 102
2244 116
2245 107
2246 101
2247 86
2248 77
2249 67
2250 92
2251 58
2252 98
2253 111
2254 88
2255 84
2256 77
2257 60
2258 65
2259 52
2260 59
2261 70
2262 91
2263 97
2264 91
2265 73
2266 59
2267 54
2268 37
2269 35
2270 22
2271 15
2272 9
2273 4
2274 12
2275 18
2276 30
2277 32
2278 45
2279 51
2280 12
2281 15
2282 24
2283 43
2284 49
2285 55
2286 60
2287 53
2288 42
2289 35
2290 30
2291 29
2292 6
2293 5
2294 53
2295 77
2296 72
2297 95
2298 75
2299 93
2300 94
2301 93
2302 103
2303 89
2304 88
2305 57
2306 77
2307 48
2308 102
2309 80
2310 96
2311 90
2312 83
2313 80
2314 54
2315 62
2316 69
2317 60
2318 74
2319 95
2320 76
2321 96
2322 49
2323 49
2324 41
2325 27
2326 38
2327 20
2328 6
2329 2
2330 20
2331 21
2332 31
2333 36
2334 36
2335 48
2336 3
2337 18
2338 21
2339 26
2340 38
2341 51
2342 55
2343 55
2344 48
2345 45
2346 30
2347 23
2348 11
2349 7
2350 68
2351 61
2352 91
2353 95
2354 90
2355 101
2356 92
2357 91
2358 83
2359 95
2360 79
2361 71
2362 55
2363 66
2364 122
2365 100
2366 95
2367 93
2368 80
2369 63
2370 50
2371 52
2372 64
2373 79
2374 85
2375 93
2376 95
2377 86
2378 57
2379 32
2380 43
2381 34
2382 19
2383 9
2384 7
2385 6
2386 17
2387 18
2388 32
2389 39
2390 46
2391 47
2392 3
2393 11
2394 13
2395 36
2396 22
2397 32
2398 34
2399 44
2400 32
2401 37
2402 25
2403 20
2404 12
2405 9
2406 59
2407 45
2408 54
2409 77
2410 77
2411 73
2412 78
2413 78
2414 74
2415 62
2416 87
2417 68
2418 58
2419 52
2420 68
2421 63
2422 59
2423 55
2424 53
2425 48
2426 47
2427 42
2428 37
2429 56
2430 63
2431 70
2432 98
2433 94
2434 37
2435 42
2436 27
2437 19
2438 5
2439 11
2440 9
2441 9
2442 10
2443 16
2444 30
2445 43
2446 50
2447 49
2448 4
2449 7
2450 15
2451 29
2452 35
2453 44
2454 43
2455 43
2456 36
2457 25
2458 34
2459 17
2460 10
2461 2
2462 57
2463 60
2464 58
2465 78
2466 105
2467 87
2468 95
2469 83
2470 93
2471 82
2472 65
2473 76
2474 47
2475 47
2476 101
2477 81
2478 90
2479 67
2480 58
2481 63
2482 58
2483 55
2484 65
2485 60
2486 72
2487 89
2488 77
2489 78
2490 45
2491 35
2492 40
2493 28
2494 27
2495 20
2496 6
2497 12
2498 16
2499 25
2500 19
2501 30
2502 32
2503 33
2504 7
2505 11
2506 27
2507 36
2508 48
2509 44
2510 63
2511 49
2512 33
2513 52
2514 40
2515 29
2516 11
2517 9
2518 54
2519 75
2520 64
2521 93
2522 74
2523 76
2524 95
2525 75
2526 86
2527 101
2528 89
2529 80
2530 82
2531 60
2532 95
2533 89
2534 92
2535 67
2536 68
2537 62
2538 76
2539 53
2540 58
2541 79
2542 79
2543 86
2544 95
2545 120
2546 54
2547 57
2548 37
2549 31
2550 21
2551 22
2552 4
2553 9
2554 16
2555 22
2556 27
2557 44
2558 45
2559 61
2560 7
2561 14
2562 22
2563 30
2564 41
2565 45
2566 61
2567 0
2568 0
2569 0
2570 0
2571 0
2572 0
2573 0
2574 61
2575 69
2576 57
2577 82
2578 83
2579 78
2580 81
2581 107
2582 106
2583 89
2584 87
2585 72
2586 83
2587 69
2588 91
2589 94
2590 83
2591 105
2592 76
2593 63
2594 58
2595 68
2596 65
2597 70
2598 72
2599 70
2600 93
2601 81
2602 54
2603 42
2604 36
2605 36
2606 20
2607 10
2608 3
2609 5
2610 12
2611 27
2612 31
2613 30
2614 43
2615 54
2616 5
2617 20
2618 19
2619 29
2620 41
2621 51
2622 40
2623 68
2624 37
2625 31
2626 23
2627 26
2628 15
2629 6
2630 61
2631 64
2632 70
2633 80
2634 88
2635 85
2636 82
2637 112
2638 85
2639 82
2640 71
2641 82
2642 77
2643 65
2644 100
2645 95
2646 111
2647 92
2648 66
2649 87
2650 55
2651 45
2652 62
2653 64
2654 71
2655 84
2656 99
2657 108
2658 44
2659 44
2660 40
2661 39
2662 0
2663 15
2664 8
2665 7
2666 7
2667 17
2668 36
2669 43
2670 38
2671 57
2672 5
2673 14
2674 20
2675 37
2676 29
2677 51
2678 39
2679 49
2680 56
2681 45
2682 22
2683 11
2684 10
2685 5
2686 63
2687 68
2688 79
2689 66
2690 82
2691 78
2692 109
2693 105
2694 100
2695 73
2696 65
2697 73
2698 75
2699 53
2700 108
2701 96
2702 83
2703 80
2704 72
2705 61
2706 58
2707 65
2708 72
2709 87
2710 79
2711 85
2712 94
2713 89
2714 64
2715 45
2716 43
2717 39
2718 28
2719 12
2720 2
2721 6
2722 21
2723 21
2724 28
2725 39
2726 43
2727 44
2728 5
2729 13
2730 18
2731 30
2732 32
2733 39
2734 56
2735 50
2736 41
2737 44
2738 35
2739 28
2740 15
2741 10
2742 46
2743 74
2744 58
2745 76
2746 90
2747 93
2748 90
2749 89
2750 93
2751 87
2752 98
2753 72
2754 65
2755 55
2756 81
2757 103
2758 80
2759 86
2760 77
2761 51
2762 61
2763 73
2764 61
2765 70
2766 76
2767 94
2768 89
2769 100
2770 67
2771 47
2772 44
2773 38
2774 21
2775 23
2776 9
2777 7
2778 23
2779 30
2780 32
2781 38
2782 45
2783 59
2784 4
2785 8
2786 17
2787 42
2788 48
2789 45
2790 54
2791 52
2792 40
2793 39
2794 40
2795 27
2796 12
2797 2
2798 64
2799 76
2800 83
2801 85
2802 77
2803 86
2804 103
2805 90
2806 94
2807 86
2808 78
2809 77
2810 56
2811 55
2812 80
2813 75
2814 70
2815 85
2816 58
2817 68
2818 55
2819 60
2820 71
2821 61
2822 80
2823 75
2824 93
2825 91
2826 46
2827 45
2828 38
2829 24
2830 19
2831 13
2832 8
2833 3
2834 16
2835 20
2836 34
2837 41
2838 52
2839 51
2840 9
2841 16
2842 30
2843 36
2844 36
2845 47
2846 44
2847 56
2848 49
2849 43
2850 31
2851 24
2852 10
2853 14
2854 58
2855 61
2856 82
2857 80
2858 97
2859 104
2860 104
2861 80
2862 98
2863 113
2864 79
2865 79
2866 79
2867 53
2868 99
2869 105
2870 82
2871 84
2872 74
2873 72
2874 62
2875 62
2876 66
2877 73
2878 84
2879 76
2880 101
2881 90
2882 59
2883 48
2884 50
2885 31
2886 21
2887 9
2888 6
2889 6
2890 20
2891 19
2892 32
2893 40
2894 46
2895 45
2896 10
2897 13
2898 20
2899 26
2900 46
2901 47
2902 52
2903 62
2904 54
2905 40
2906 33
2907 17
2908 13
2909 5
2910 67
2911 48
2912 56
2913 77
2914 103
2915 94
2916 91
2917 101
2918 87
2919 96
2920 70
2921 65
2922 65
2923 67
2924 95
2925 82
2926 77
2927 84
2928 65
2929 66
2930 66
2931 67
2932 80
2933 73
2934 94
2935 85
2936 89
2937 93
2938 48
2939 42
2940 35
2941 33
2942 22
2943 14
2944 6
2945 9
2946 9
2947 24
2948 27
2949 39
2950 44
2951 51
2952 8
2953 11
2954 27
2955 32
2956 29
2957 43
2958 62
2959 60
2960 42
2961 32
2962 34
2963 17
2964 14
2965 9
2966 61
2967 68
2968 64
2969 73
2970 80
2971 100
2972 86
2973 111
2974 90
2975 76
2976 77
2977 92
2978 67
2979 68
2980 95
2981 81
2982 86
2983 61
2984 62
2985 71
2986 49
2987 62
2988 70
2989 83
2990 80
2991 100
2992 80
2993 99
2994 51
2995 33
2996 43
2997 28
2998 26
2999 12
3000 11
3001 9
3002 14
3003 16
3004 36
3005 46
3006 54
3007 53
3008 5
3009 17
3010 25
3011 37
3012 41
3013 45
3014 48
3015 47
3016 44
3017 60
3018 38
3019 24
3020 8
3021 7
3022 73
3023 56
3024 79
3025 66
3026 108
3027 92
3028 91
3029 75
3030 97
3031 81
3032 73
3033 67
3034 69
3035 69
3036 93
3037 121
3038 88
3039 83
3040 79
3041 71
3042 69
3043 43
3044 68
3045 74
3046 78
3047 92
3048 79
3049 99
3050 67
3051 1
3052 30
3053 33
3054 23
3055 16
3056 8
3057 6
3058 18
3059 29
3060 48
3061 55
3062 40
3063 67
3064 3
3065 10
3066 12
3067 29
3068 25
3069 27
3070 48
3071 49
3072 40
3073 35
3074 29
3075 24
3076 9
3077 5
3078 45
3079 48
3080 57
3081 64
3082 90
3083 64
3084 71
3085 71
3086 110
3087 87
3088 76
3089 86
3090 76
3091 65
3092 82
3093 70
3094 74
3095 68
3096 76
3097 70
3098 48
3099 67
3100 68
3101 82
3102 72
3103 72
3104 71
3105 93
3106 50
3107 44
3108 33
3109 33
3110 17
3111 7
3112 6
3113 12
3114 18
3115 21
3116 42
3117 29
3118 59
3119 61
3120 25
3121 16
3122 23
3123 25
3124 28
3125 37
3126 48
3127 32
3128 31
3129 26
3130 23
3131 14
3132 20
3133 14
3134 48
3135 52
3136 58
3137 63
3138 49
3139 66
3140 59
3141 51
3142 38
3143 49
3144 39
3145 42
3146 34
3147 42
3148 74
3149 42
3150 68
3151 61
3152 56
3153 53
3154 44
3155 31
3156 49
3157 46
3158 45
3159 48
3160 45
3161 47
3162 49
3163 36
3164 31
3165 36
3166 31
3167 21
3168 20
3169 13
3170 25
3171 24
3172 31
3173 31
3174 35
3175 27
3176 20
3177 14
3178 16
3179 36
3180 34
3181 35
3182 41
3183 43
3184 23
3185 31
3186 37
3187 27
3188 18
3189 20
3190 41
3191 60
3192 53
3193 67
3194 66
3195 68
3196 67
3197 11
3198 10
3199 20
3200 11
3201 8
3202 12
3203 13
3204 68
3205 68
3206 65
3207 55
3208 59
3209 45
3210 46
3211 44
3212 51
3213 46
3214 50
3215 52
3216 53
3217 63
3218 40
3219 45
3220 35
3221 33
3222 23
3223 21
3224 15
3225 15
3226 22
3227 17
3228 22
3229 25
3230 29
3231 39
3232 21
3233 19
3234 21
3235 32
3236 34
3237 47
3238 32
3239 52
3240 31
3241 33
3242 24
3243 18
3244 16
3245 19
3246 55
3247 50
3248 54
3249 61
3250 56
3251 56
3252 79
3253 67
3254 56
3255 65
3256 63
3257 52
3258 55
3259 49
3260 65
3261 62
3262 64
3263 49
3264 66
3265 41
3266 55
3267 39
3268 51
3269 36
3270 64
3271 57
3272 64
3273 64
3274 51
3275 22
3276 35
3277 23
3278 27
3279 20
3280 20
3281 12
3282 18
3283 24
3284 29
3285 39
3286 38
3287 43
3288 15
3289 27
3290 18
3291 36
3292 40
3293 39
3294 49
3295 44
3296 39
3297 34
3298 31
3299 20
3300 20
3301 18
3302 46
3303 51
3304 57
3305 45
3306 57
3307 56
3308 67
3309 54
3310 58
3311 48
3312 58
3313 51
3314 53
3315 43
3316 59
3317 62
3318 64
3319 65
3320 52
3321 55
3322 65
3323 41
3324 33
3325 52
3326 54
3327 49
3328 52
3329 68
3330 32
3331 27
3332 30
3333 25
3334 21
3335 29
3336 24
3337 19
3338 21
3339 23
3340 22
3341 16
3342 44
3343 42
3344 17
3345 24
3346 22
3347 19
3348 29
3349 51
3350 47
3351 41
3352 45
3353 43
3354 19
3355 29
3356 20
3357 14
3358 47
3359 42
3360 43
3361 65
3362 60
3363 69
3364 51
3365 63
3366 55
3367 69
3368 61
3369 52
3370 49
3371 50
3372 57
3373 64
3374 58
3375 42
3376 58
3377 49
3378 37
3379 46
3380 44
3381 45
3382 61
3383 66
3384 58
3385 59
3386 38
3387 33
3388 31
3389 22
3390 27
3391 18
3392 15
3393 23
3394 17
3395 25
3396 34
3397 27
3398 32
3399 27
3400 20
3401 25
3402 35
3403 33
3404 42
3405 39
3406 34
3407 50
3408 36
3409 31
3410 25
3411 24
3412 20
3413 25
3414 55
3415 54
3416 49
3417 55
3418 66
3419 59
3420 55
3421 68
3422 75
3423 70
3424 52
3425 50
3426 53
3427 57
3428 73
3429 60
3430 46
3431 58
3432 65
3433 54
3434 50
3435 35
3436 50
3437 47
3438 51
3439 59
3440 55
3441 77
3442 52
3443 30
3444 33
3445 21
3446 17
3447 25
3448 25
3449 14
3450 26
3451 31
3452 27
3453 31
3454 41
3455 52
3456 16
3457 21
3458 23
3459 34
3460 36
3461 43
3462 44
3463 58
3464 32
3465 35
3466 31
3467 20
3468 19
3469 17
3470 48
3471 56
3472 61
3473 61
3474 66
3475 65
3476 56
3477 57
3478 68
3479 62
3480 66
3481 53
3482 48
3483 47
3484 70
3485 66
3486 65
3487 64
3488 64
3489 47
3490 37
3491 39
3492 46
3493 46
3494 55
3495 49
3496 23
3497 66
3498 37
3499 45
3500 36
3501 28
3502 32
3503 15
3504 15
3505 19
3506 22
3507 27
3508 29
3509 39
3510 24
3511 53
3512 26
3513 19
3514 21
3515 35
3516 40
3517 36
3518 44
3519 42
3520 36
3521 28
3522 31
3523 18
3524 32
3525 24
3526 48
3527 63
3528 47
3529 50
3530 48
3531 57
3532 48
3533 64
3534 66
3535 57
3536 53
3537 46
3538 45
3539 44
3540 62
3541 56
3542 68
3543 48
3544 62
3545 60
3546 51
3547 37
3548 44
3549 50
3550 42
3551 48
3552 51
3553 63
3554 38
3555 48
3556 34
3557 30
3558 26
3559 30
3560 23
3561 23
3562 17
3563 31
3564 30
3565 28
3566 34
3567 36
3568 24
3569 30
3570 28
3571 26
3572 41
3573 48
3574 46
3575 35
3576 44
3577 29
3578 30
3579 29
3580 22
3581 20
3582 49
3583 48
3584 59
3585 63
3586 54
3587 70
3588 68
3589 61
3590 66
3591 64
3592 51
3593 53
3594 45
3595 46
3596 55
3597 61
3598 60
3599 46
3600 50
3601 39
3602 40
3603 54
3604 50
3605 42
3606 63
3607 51
3608 58
3609 64
3610 45
3611 32
3612 27
3613 30
3614 25
3615 27
3616 31
3617 26
3618 25
3619 34
3620 29
3621 32
3622 34
3623 41
3624 18
3625 21
3626 32
3627 21
3628 36
3629 31
3630 38
3631 39
3632 31
3633 31
3634 28
3635 20
3636 19
3637 17
3638 53
3639 37
3640 63
3641 62
3642 56
3643 74
3644 54
3645 73
3646 52
3647 62
3648 46
3649 70
3650 49
3651 43
3652 71
3653 52
3654 52
3655 51
3656 54
3657 54
3658 49
3659 49
3660 53
3661 64
3662 62
3663 57
3664 61
3665 53
3666 29
3667 40
3668 30
3669 32
3670 36
3671 24
3672 20
3673 21
3674 26
3675 30
3676 23
3677 31
3678 33
3679 44
3680 13
3681 26
3682 22
3683 29
3684 37
3685 35
3686 32
3687 39
3688 39
3689 22
3690 23
3691 25
3692 21
3693 22
3694 38
3695 64
3696 56
3697 47
3698 49
3699 64
3700 60
3701 62
3702 63
3703 52
3704 60
3705 44
3706 54
3707 38
3708 49
3709 63
3710 49
3711 44
3712 49
3713 52
3714 66
3715 50
3716 50
3717 55
3718 51
3719 55
3720 62
3721 54
3722 46
3723 49
3724 34
3725 40
3726 36
3727 31
3728 20
3729 13
3730 36
3731 20
3732 25
3733 31
3734 31
3735 52
3736 22
3737 24
3738 21
3739 0
3740 35
3741 50
3742 52
3743 48
3744 39
3745 34
3746 22
3747 26
3748 20
3749 16
3750 44
3751 51
3752 57
3753 60
3754 42
3755 54
3756 61
3757 57
3758 59
3759 80
3760 69
3761 46
3762 55
3763 42
3764 58
3765 67
3766 60
3767 50
3768 56
3769 57
3770 52
3771 43
3772 51
3773 47
3774 62
3775 49
3776 55
3777 73
3778 40
3779 33
3780 42
3781 33
3782 22
3783 31
3784 33
3785 17
3786 20
3787 31
3788 31
3789 27
3790 39
3791 38
3792 21
3793 38
3794 35
3795 35
3796 31
3797 34
3798 45
3799 40
3800 39
3801 35
3802 36
3803 24
3804 32
3805 21
3806 43
3807 59
3808 61
3809 49
3810 65
3811 73
3812 65
3813 62
3814 77
3815 67
3816 64
3817 49
3818 45
3819 62
3820 57
3821 73
3822 48
3823 49
3824 59
3825 41
3826 46
3827 44
3828 36
3829 47
3830 48
3831 62
3832 51
3833 70
3834 43
3835 40
3836 39
3837 30
3838 32
3839 31
3840 19
3841 23
3842 31
3843 27
3844 30
3845 41
3846 38
3847 40
3848 24
3849 17
3850 26
3851 28
3852 28
3853 25
3854 45
3855 48
3856 34
3857 30
3858 35
3859 27
3860 26
3861 16
3862 48
3863 35
3864 54
3865 55
3866 60
3867 70
3868 70
3869 52
3870 61
3871 48
3872 54
3873 54
3874 59
3875 46
3876 52
3877 66
3878 57
3879 64
3880 47
3881 50
3882 45
3883 38
3884 52
3885 62
3886 54
3887 64
3888 61
3889 46
3890 49
3891 50
3892 38
3893 24
3894 28
3895 22
3896 17
3897 19
3898 28
3899 24
3900 32
3901 30
3902 41
3903 46
3904 19
3905 29
3906 26
3907 26
3908 44
3909 41
3910 46
3911 33
3912 37
3913 26
3914 33
3915 20
3916 16
3917 24
3918 51
3919 48
3920 64
3921 67
3922 69
3923 70
3924 62
3925 59
3926 64
3927 55
3928 57
3929 67
3930 63
3931 41
3932 59
3933 73
3934 57
3935 41
3936 53
3937 59
3938 44
3939 52
3940 42
3941 58
3942 54
3943 54
3944 69
3945 72
3946 43
3947 36
3948 27
3949 26
3950 29
3951 14
3952 22
3953 23
3954 20
3955 34
3956 30
3957 37
3958 28
3959 45
3960 10
3961 29
3962 30
3963 21
3964 51
3965 29
3966 43
3967 36
3968 35
3969 38
3970 35
3971 24
3972 27
3973 16
3974 46
3975 52
3976 58
3977 54
3978 64
3979 65
3980 69
3981 64
3982 53
3983 55
3984 54
3985 63
3986 72
3987 51
3988 66
3989 59
3990 43
3991 60
3992 54
3993 54
3994 48
3995 39
3996 46
3997 64
3998 49
3999 52
4000 78
4001 54
4002 37
4003 45
4004 30
4005 39
4006 16
4007 32
4008 23
4009 16
4010 25
4011 32
4012 37
4013 32
4014 39
4015 42
4016 16
4017 24
4018 29
4019 32
4020 28
4021 40
4022 45
4023 45
4024 44
4025 29
4026 28
4027 16
4028 25
4029 19
4030 46
4031 54
4032 40
4033 57
4034 72
4035 75
4036 54
4037 73
4038 66
4039 58
4040 79
4041 55
4042 49
4043 43
4044 73
4045 73
4046 65
4047 63
4048 51
4049 47
4050 46
4051 33
4052 39
4053 49
4054 51
4055 60
4056 58
4057 60
4058 43
4059 46
4060 31
4061 31
4062 16
4063 22
4064 26
4065 19
4066 22
4067 24
4068 26
4069 36
4070 35
4071 41
4072 24
4073 31
4074 29
4075 49
4076 37
4077 57
4078 49
4079 45
4080 37
4081 41
4082 29
4083 39
4084 25
4085 24
4086 48
4087 48
4088 54
4089 49
4090 77
4091 68
4092 60
4093 77
4094 64
4095 64
4096 45
4097 49
4098 54
4099 44
4100 67
4101 72
4102 69
4103 59
4104 55
4105 52
4106 50
4107 36
4108 51
4109 62
4110 53
4111 55
4112 70
4113 48
4114 38
4115 33
4116 26
4117 32
4118 29
4119 19
4120 16
4121 23
4122 21
4123 25
4124 32
4125 24
4126 46
4127 33
4128 25
4129 30
4130 28
4131 29
4132 46
4133 33
4134 39
4135 29
4136 35
4137 41
4138 24
4139 26
4140 28
4141 23
4142 46
4143 34
4144 0
4145 56
4146 55
4147 60
4148 59
4149 58
4150 58
4151 63
4152 69
4153 63
4154 61
4155 54
4156 48
4157 66
4158 55
4159 76
4160 53
4161 46
4162 39
4163 40
4164 53
4165 53
4166 54
4167 52
4168 43
4169 70
4170 45
4171 46
4172 41
4173 22
4174 28
4175 25
4176 25
4177 16
4178 13
4179 23
4180 32
4181 24
4182 36
4183 36
4184 25
4185 21
4186 33
4187 31
4188 43
4189 36
4190 53
4191 39
4192 36
4193 35
4194 30
4195 25
4196 32
4197 26
4198 58
4199 57
4200 61
4201 60
4202 55
4203 70
4204 51
4205 60
4206 64
4207 68
4208 60
4209 61
4210 59
4211 43
4212 50
4213 71
4214 57
4215 55
4216 49
4217 46
4218 41
4219 36
4220 64
4221 47
4222 65
4223 57
4224 71
4225 73
4226 46
4227 37
4228 40
4229 30
4230 25
4231 22
4232 26
4233 15
4234 21
4235 28
4236 43
4237 44
4238 39
4239 42
4240 18
4241 16
4242 32
4243 37
4244 28
4245 40
4246 47
4247 38
4248 27
4249 43
4250 24
4251 16
4252 19
4253 19
4254 49
4255 46
4256 59
4257 66
4258 75
4259 56
4260 63
4261 52
4262 67
4263 71
4264 55
4265 60
4266 69
4267 40
4268 61
4269 75
4270 64
4271 59
4272 60
4273 44
4274 58
4275 50
4276 35
4277 48
4278 42
4279 64
4280 53
4281 47
4282 28
4283 51
4284 35
4285 22
4286 23
4287 23
4288 17
4289 20
4290 24
4291 28
4292 27
4293 41
4294 40
4295 39
4296 27
4297 19
4298 44
4299 42
4300 49
4301 46
4302 43
4303 39
4304 42
4305 45
4306 22
4307 28
4308 17
4309 23
4310 41
4311 57
4312 50
4313 57
4314 56
4315 72
4316 54
4317 55
4318 64
4319 57
4320 57
4321 52
4322 39
4323 49
4324 68
4325 59
4326 73
4327 62
4328 52
4329 47
4330 34
4331 38
4332 48
4333 49
4334 54
4335 52
4336 61
4337 55
4338 41
4339 41
4340 30
4341 28
4342 38
4343 37
4344 24
4345 19
4346 29
4347 16
4348 36
4349 28
4350 41
4351 36
4352 23
4353 22
4354 27
4355 31
4356 38
4357 37
4358 50
4359 39
4360 40
4361 32
4362 24
4363 32
4364 23
4365 15
4366 46
4367 59
4368 64
4369 58
4370 56
4371 75
4372 58
4373 68
4374 57
4375 67
4376 53
4377 42
4378 54
4379 57
4380 74
4381 67
4382 60
4383 62
4384 70
4385 52
4386 45
4387 55
4388 40
4389 48
4390 71
4391 67
4392 56
4393 70
4394 44
4395 41
4396 35
4397 39
4398 27
4399 17
4400 20
4401 21
4402 22
4403 21
4404 27
4405 32
4406 35
4407 39
4408 20
4409 20
4410 24
4411 40
4412 37
4413 30
4414 44
4415 38
4416 41
4417 31
4418 23
4419 18
4420 15
4421 21
4422 0
4423 0
4424 0
4425 0
4426 0
4427 0
4428 0
4429 60
4430 56
4431 63
4432 61
4433 49
4434 53
4435 36
4436 68
4437 62
4438 56
4439 61
4440 56
4441 42
4442 48
4443 41
4444 40
4445 45
4446 62
4447 67
4448 58
4449 54
4450 42
4451 41
4452 43
4453 30
4454 31
4455 27
4456 30
4457 24
4458 34
4459 35
4460 17
4461 28
4462 25
4463 38
4464 18
4465 32
4466 28
4467 26
4468 44
4469 36
4470 35
4471 38
4472 34
4473 28
4474 31
4475 28
4476 31
4477 20
4478 55
4479 43
4480 45
4481 72
4482 55
4483 72
4484 62
4485 67
4486 70
4487 68
4488 65
4489 67
4490 50
4491 48
4492 62
4493 45
4494 59
4495 60
4496 50
4497 49
4498 34
4499 38
4500 55
4501 53
4502 60
4503 63
4504 51
4505 77
4506 55
4507 31
4508 39
4509 34
4510 40
4511 23
4512 29
4513 22
4514 17
4515 27
4516 31
4517 28
4518 38
4519 39
4520 21
4521 20
4522 28
4523 31
4524 31
4525 29
4526 43
4527 40
4528 37
4529 38
4530 29
4531 26
4532 26
4533 19
4534 36
4535 39
4536 55
4537 59
4538 58
4539 64
4540 60
4541 54
4542 75
4543 65
4544 56
4545 53
4546 51
4547 39
4548 72
4549 61
4550 50
4551 58
4552 50
4553 48
4554 43
4555 38
4556 55
4557 46
4558 48
4559 58
4560 61
4561 59
4562 44
4563 42
4564 33
4565 27
4566 36
4567 27
4568 20
4569 18
4570 24
4571 30
4572 29
4573 30
4574 35
4575 49
4576 20
4577 23
4578 21
4579 15
4580 33
4581 35
4582 44
4583 40
4584 35
4585 28
4586 24
4587 27
4588 26
4589 19
4590 46
4591 45
4592 59
4593 70
4594 67
4595 50
4596 64
4597 64
4598 76
4599 54
4600 65
4601 39
4602 48
4603 34
4604 68
4605 62
4606 65
4607 46
4608 46
4609 52
4610 53
4611 44
4612 51
4613 54
4614 54
4615 47
4616 56
4617 62
4618 43
4619 32
4620 26
4621 30
4622 22
4623 28
4624 34
4625 32
4626 24
4627 29
4628 30
4629 32
4630 34
4631 42
4632 21
4633 26
4634 19
4635 19
4636 28
4637 34
4638 31
4639 35
4640 25
4641 37
4642 25
4643 37
4644 21
4645 30
4646 42
4647 44
4648 53
4649 55
4650 51
4651 64
4652 57
4653 63
4654 56
4655 56
4656 57
4657 46
4658 49
4659 45
4660 46
4661 51
4662 59
4663 51
4664 50
4665 39
4666 41
4667 33
4668 61
4669 44
4670 49
4671 65
4672 68
4673 63
4674 40
4675 33
4676 30
4677 21
4678 21
4679 20
4680 21
4681 22
4682 12
4683 27
4684 0
4685 28
4686 41
4687 34
4688 12
4689 16
4690 16
4691 24
4692 32
4693 35
4694 38
4695 41
4696 36
4697 33
4698 35
4699 29
4700 22
4701 29
4702 43
4703 60
4704 44
4705 50
4706 44
4707 64
4708 66
4709 80
4710 52
4711 60
4712 61
4713 68
4714 50
4715 44
4716 61
4717 43
4718 60
4719 48
4720 53
4721 39
4722 40
4723 52
4724 43
4725 55
4726 60
4727 55
4728 58
4729 62
4730 43
4731 46
4732 19
4733 30
4734 21
4735 29
4736 28
4737 31
4738 16
4739 22
4740 35
4741 38
4742 33
4743 44
4744 15
4745 11
4746 17
4747 12
4748 13
4749 27
4750 25
4751 39
4752 39
4753 33
4754 25
4755 20
4756 25
4757 25
4758 19
4759 30
4760 22
4761 24
4762 34
4763 30
4764 30
4765 59
4766 56
4767 60
4768 52
4769 50
4770 44
4771 34
4772 43
4773 36
4774 31
4775 39
4776 24
4777 28
4778 30
4779 32
4780 48
4781 44
4782 57
4783 52
4784 60
4785 49
4786 16
4787 27
4788 17
4789 12
4790 13
4791 18
4792 21
4793 17
4794 19
4795 24
4796 30
4797 29
4798 42
4799 37
4800 23
4801 26
4802 41
4803 32
4804 33
4805 43
4806 36
4807 16
4808 14
4809 21
4810 19
4811 11
4812 13
4813 14
4814 47
4815 55
4816 56
4817 53
4818 69
4819 67
4820 55
4821 26
4822 33
4823 27
4824 17
4825 22
4826 28
4827 14
4828 59
4829 70
4830 52
4831 50
4832 51
4833 50
4834 46
4835 32
4836 20
4837 33
4838 39
4839 32
4840 38
4841 33
4842 35
4843 39
4844 32
4845 36
4846 39
4847 39
4848 15
4849 10
4850 14
4851 23
4852 25
4853 16
4854 26
4855 22
4856 23
4857 15
4858 26
4859 28
4860 41
4861 35
4862 44
4863 45
4864 42
4865 32
4866 38
4867 27
4868 36
4869 21
4870 54
4871 57
4872 54
4873 67
4874 67
4875 78
4876 81
4877 78
4878 90
4879 74
4880 61
4881 46
4882 66
4883 51
4884 70
4885 61
4886 71
4887 57
4888 42
4889 59
4890 46
4891 61
4892 43
4893 49
4894 72
4895 64
4896 69
4897 77
4898 48
4899 30
4900 47
4901 39
4902 28
4903 30
4904 22
4905 23
4906 25
4907 33
4908 31
4909 28
4910 36
4911 45
4912 19
4913 36
4914 32
4915 28
4916 46
4917 40
4918 50
4919 45
4920 34
4921 29
4922 28
4923 31
4924 26
4925 30
4926 51
4927 59
4928 57
4929 68
4930 68
4931 70
4932 75
4933 71
4934 64
4935 67
4936 61
4937 60
4938 54
4939 49
4940 66
4941 72
4942 55
4943 63
4944 55
4945 52
4946 48
4947 46
4948 60
4949 42
4950 68
4951 75
4952 63
4953 67
4954 38
4955 38
4956 37
4957 45
4958 38
4959 24
4960 25
4961 27
4962 29
4963 24
4964 33
4965 30
4966 40
4967 45
4968 15
4969 22
4970 31
4971 26
4972 42
4973 40
4974 53
4975 56
4976 38
4977 35
4978 36
4979 30
4980 13
4981 17
4982 54
4983 49
4984 42
4985 60
4986 56
4987 62
4988 46
4989 66
4990 67
4991 45
4992 60
4993 65
4994 49
4995 52
4996 57
4997 56
4998 71
4999 58
5000 46
5001 54
5002 37
5003 41
5004 43
5005 49
5006 57
5007 63
5008 58
5009 53
5010 40
5011 41
5012 33
5013 29
5014 35
5015 29
5016 31
5017 27
5018 32
5019 25
5020 30
5021 39
5022 38
5023 35
5024 16
5025 22
5026 34
5027 36
5028 38
5029 36
5030 43
5031 45
5032 48
5033 27
5034 42
5035 25
5036 37
5037 27
5038 44
5039 64
5040 64
5041 58
5042 58
5043 67
5044 71
5045 71
5046 52
5047 45
5048 66
5049 67
5050 54
5051 46
5052 75
5053 61
5054 68
5055 59
5056 54
5057 48
5058 57
5059 44
5060 53
5061 42
5062 63
5063 52
5064 62
5065 67
5066 43
5067 41
5068 31
5069 30
5070 20
5071 27
5072 25
5073 14
5074 22
5075 31
5076 28
5077 42
5078 45
5079 38
5080 22
5081 21
5082 29
5083 21
5084 40
5085 38
5086 50
5087 53
5088 52
5089 27
5090 34
5091 24
5092 19
5093 31
5094 45
5095 45
5096 58
5097 61
5098 70
5099 69
5100 64
5101 52
5102 72
5103 44
5104 57
5105 51
5106 36
5107 47
5108 68
5109 56
5110 54
5111 64
5112 62
5113 48
5114 37
5115 41
5116 56
5117 44
5118 67
5119 55
5120 52
5121 52
5122 36
5123 37
5124 33
5125 44
5126 21
5127 23
5128 15
5129 23
5130 22
5131 31
5132 22
5133 30
5134 40
5135 34
5136 18
5137 20
5138 18
5139 29
5140 38
5141 34
5142 35
5143 30
5144 37
5145 41
5146 26
5147 30
5148 20
5149 15
5150 46
5151 47
5152 65
5153 64
5154 77
5155 59
5156 68
5157 54
5158 65
5159 48
5160 59
5161 61
5162 43
5163 45
5164 60
5165 67
5166 57
5167 69
5168 59
5169 58
5170 52
5171 49
5172 41
5173 53
5174 46
5175 71
5176 56
5177 70
5178 49
5179 32
5180 35
5181 37
5182 25
5183 23
5184 28
5185 16
5186 25
5187 23
5188 30
5189 37
5190 23
5191 41
5192 8
5193 24
5194 31
5195 25
5196 25
5197 39
5198 50
5199 48
5200 33
5201 33
5202 30
5203 39
5204 25
5205 27
5206 35
5207 48
5208 62
5209 48
5210 57
5211 70
5212 50
5213 47
5214 62
5215 66
5216 46
5217 40
5218 44
5219 42
5220 56
5221 44
5222 57
5223 71
5224 52
5225 46
5226 49
5227 58
5228 40
5229 53
5230 55
5231 58
5232 57
5233 68
5234 42
5235 41
5236 34
5237 24
5238 34
5239 24
5240 18
5241 29
5242 29
5243 27
5244 32
5245 34
5246 48
5247 42
5248 14
5249 18
5250 31
5251 31
5252 36
5253 34
5254 42
5255 39
5256 33
5257 32
5258 30
5259 24
5260 20
5261 21
5262 43
5263 55
5264 52
5265 49
5266 68
5267 70
5268 84
5269 69
5270 75
5271 62
5272 73
5273 50
5274 57
5275 30
5276 76
5277 53
5278 61
5279 67
5280 50
5281 51
5282 48
5283 55
5284 50
5285 45
5286 70
5287 51
5288 73
5289 69
5290 42
5291 29
5292 36
5293 31
5294 22
5295 29
5296 15
5297 24
5298 20
5299 27
5300 34
5301 36
5302 44
5303 29
5304 14
5305 31
5306 26
5307 36
5308 34
5309 33
5310 48
5311 38
5312 47
5313 41
5314 30
5315 29
5316 21
5317 17
5318 40
5319 53
5320 48
5321 51
5322 59
5323 60
5324 51
5325 56
5326 63
5327 55
5328 45
5329 58
5330 46
5331 50
5332 60
5333 64
5334 56
5335 55
5336 45
5337 49
5338 43
5339 50
5340 54
5341 46
5342 65
5343 54
5344 65
5345 62
5346 48
5347 40
5348 21
5349 30
5350 27
5351 19
5352 17
5353 17
5354 34
5355 36
5356 27
5357 29
5358 40
5359 39
5360 21
5361 20
5362 18
5363 26
5364 33
5365 38
5366 43
5367 45
5368 38
5369 40
5370 36
5371 19
5372 14
5373 22
5374 50
5375 69
5376 50
5377 67
5378 64
5379 66
5380 78
5381 68
5382 57
5383 64
5384 41
5385 53
5386 44
5387 58
5388 65
5389 66
5390 60
5391 56
5392 42
5393 54
5394 44
5395 55
5396 49
5397 68
5398 51
5399 72
5400 49
5401 53
5402 40
5403 42
5404 41
5405 27
5406 19
5407 25
5408 29
5409 23
5410 13
5411 26
5412 39
5413 35
5414 34
5415 40
5416 26
5417 23
5418 21
5419 30
5420 33
5421 36
5422 46
5423 46
5424 32
5425 33
5426 29
5427 22
5428 30
5429 23
5430 41
5431 45
5432 51
5433 62
5434 64
5435 58
5436 62
5437 65
5438 69
5439 56
5440 65
5441 48
5442 62
5443 43
5444 62
5445 65
5446 39
5447 69
5448 55
5449 45
5450 43
5451 41
5452 44
5453 46
5454 56
5455 75
5456 57
5457 49
5458 49
5459 36
5460 24
5461 24
5462 28
5463 17
5464 15
5465 20
5466 24
5467 34
5468 25
5469 34
5470 24
5471 47
5472 26
5473 27
5474 27
5475 35
5476 38
5477 41
5478 37
5479 34
5480 40
5481 36
5482 30
5483 31
5484 24
5485 28
5486 43
5487 49
5488 51
5489 45
5490 50
5491 67
5492 57
5493 69
5494 61
5495 70
5496 63
5497 59
5498 51
5499 50
5500 59
5501 67
5502 54
5503 59
5504 66
5505 54
5506 48
5507 48
5508 53
5509 55
5510 55
5511 76
5512 65
5513 79
5514 34
5515 44
5516 28
5517 35
5518 37
5519 26
5520 21
5521 21
5522 18
5523 31
5524 23
5525 40
5526 35
5527 35
5528 17
5529 20
5530 24
5531 32
5532 24
5533 43
5534 35
5535 35
5536 28
5537 34
5538 24
5539 26
5540 23
5541 24
5542 40
5543 41
5544 54
5545 53
5546 52
5547 50
5548 55
5549 45
5550 52
5551 64
5552 58
5553 57
5554 42
5555 36
5556 54
5557 59
5558 56
5559 56
5560 47
5561 38
5562 36
5563 55
5564 40
5565 37
5566 61
5567 61
5568 63
5569 58
5570 37
5571 36
5572 32
5573 24
5574 22
5575 33
5576 22
5577 12
5578 18
5579 18
5580 30
5581 33
5582 25
5583 36
5584 23
5585 23
5586 16
5587 20
5588 26
5589 35
5590 37
5591 36
5592 26
5593 26
5594 17
5595 18
5596 18
5597 19
5598 22
5599 47
5600 41
5601 65
5602 59
5603 50
5604 54
5605 63
5606 64
5607 49
5608 40
5609 56
5610 44
5611 47
5612 50
5613 41
5614 39
5615 42
5616 42
5617 37
5618 35
5619 28
5620 31
5621 36
5622 50
5623 43
5624 68
5625 58
5626 40
5627 35
5628 24
5629 21
5630 21
5631 23
5632 14
5633 15
5634 17
5635 24
5636 29
5637 28
5638 31
5639 20
5640 20
5641 15
5642 25
5643 26
5644 30
5645 39
5646 35
5647 29
5648 27
5649 19
5650 21
5651 17
5652 17
5653 21
5654 41
5655 41
5656 46
5657 48
5658 66
5659 38
5660 56
5661 57
5662 54
5663 65
5664 52
5665 45
5666 43
5667 33
5668 56
5669 58
5670 50
5671 53
5672 46
5673 38
5674 36
5675 35
5676 50
5677 38
5678 60
5679 57
5680 56
5681 46
5682 43
5683 38
5684 30
5685 30
5686 28
5687 24
5688 20
5689 20
5690 16
5691 18
5692 19
5693 31
5694 26
5695 51
5696 23
5697 23
5698 26
5699 23
5700 35
5701 36
5702 45
5703 44
5704 29
5705 33
5706 27
5707 24
5708 32
5709 19
5710 56
5711 51
5712 52
5713 52
5714 59
5715 51
5716 49
5717 58
5718 59
5719 74
5720 70
5721 56
5722 55
5723 48
5724 80
5725 70
5726 61
5727 50
5728 45
5729 49
5730 40
5731 39
5732 55
5733 40
5734 49
5735 55
5736 61
5737 64
5738 39
5739 45
5740 42
5741 29
5742 30
5743 23
5744 14
5745 25
5746 17
5747 26
5748 28
5749 34
5750 24
5751 37
5752 16
5753 17
5754 22
5755 27
5756 27
5757 36
5758 46
5759 39
5760 28
5761 37
5762 28
5763 24
5764 33
5765 20
5766 48
5767 55
5768 49
5769 59
5770 43
5771 72
5772 59
5773 55
5774 55
5775 52
5776 42
5777 59
5778 42
5779 42
5780 51
5781 46
5782 59
5783 52
5784 50
5785 42
5786 42
5787 35
5788 43
5789 53
5790 42
5791 69
5792 55
5793 66
5794 51
5795 32
5796 36
5797 35
5798 26
5799 17
5800 16
5801 16
5802 17
5803 35
5804 33
5805 28
5806 44
5807 48
5808 16
5809 25
5810 27
5811 27
5812 34
5813 42
5814 43
5815 44
5816 51
5817 37
5818 35
5819 18
5820 19
5821 15
5822 47
5823 39
5824 44
5825 72
5826 47
5827 54
5828 59
5829 81
5830 55
5831 56
5832 59
5833 47
5834 38
5835 49
5836 66
5837 65
5838 51
5839 50
5840 60
5841 49
5842 37
5843 35
5844 45
5845 72
5846 45
5847 66
5848 59
5849 65
5850 49
5851 44
5852 40
5853 29
5854 31
5855 23
5856 22
5857 23
5858 20
5859 27
5860 20
5861 27
5862 36
5863 36
5864 17
5865 17
5866 22
5867 46
5868 31
5869 27
5870 42
5871 42
5872 42
5873 27
5874 24
5875 22
5876 23
5877 16
5878 34
5879 47
5880 47
5881 51
5882 56
5883 63
5884 54
5885 62
5886 45
5887 50
5888 41
5889 57
5890 45
5891 43
5892 66
5893 68
5894 63
5895 58
5896 53
5897 51
5898 37
5899 35
5900 40
5901 45
5902 52
5903 52
5904 65
5905 76
5906 45
5907 34
5908 26
5909 24
5910 20
5911 26
5912 17
5913 26
5914 28
5915 24
5916 30
5917 32
5918 34
5919 36
5920 21
5921 15
5922 25
5923 37
5924 27
5925 30
5926 43
5927 49
5928 27
5929 31
5930 37
5931 33
5932 21
5933 16
5934 52
5935 43
5936 40
5937 62
5938 59
5939 47
5940 71
5941 57
5942 74
5943 55
5944 54
5945 44
5946 47
5947 46
5948 67
5949 61
5950 60
5951 49
5952 52
5953 44
5954 44
5955 58
5956 52
5957 53
5958 55
5959 73
5960 63
5961 62
5962 32
5963 35
5964 35
5965 30
5966 23
5967 27
5968 23
5969 13
5970 24
5971 24
5972 31
5973 26
5974 33
5975 47
5976 16
5977 27
5978 25
5979 32
5980 27
5981 40
5982 33
5983 48
5984 29
5985 30
5986 35
5987 15
5988 26
5989 29
5990 39
5991 44
5992 52
5993 62
5994 45
5995 56
5996 64
5997 53
5998 57
5999 50
6000 57
6001 53
6002 36
6003 55
6004 59
6005 62
6006 57
6007 64
6008 48
6009 51
6010 34
6011 41
6012 43
6013 55
6014 53
6015 55
6016 66
6017 70
6018 37
6019 37
6020 40
6021 35
6022 21
6023 26
6024 15
6025 23
6026 26
6027 31
6028 23
6029 33
6030 43
6031 48
6032 26
6033 29
6034 30
6035 29
6036 21
6037 43
6038 34
6039 38
6040 37
6041 40
6042 20
6043 25
6044 15
6045 19
6046 41
6047 49
6048 52
6049 58
6050 58
6051 55
6052 57
6053 58
6054 63
6055 60
6056 50
6057 51
6058 42
6059 50
6060 42
6061 69
6062 54
6063 47
6064 44
6065 42
6066 38
6067 36
6068 59
6069 46
6070 62
6071 65
6072 61
6073 61
6074 46
6075 41
6076 30
6077 37
6078 22
6079 27
6080 16
6081 23
6082 37
6083 35
6084 34
6085 45
6086 45
6087 38
6088 27
6089 20
6090 25
6091 26
6092 35
6093 32
6094 42
6095 39
6096 42
6097 35
6098 24
6099 31
6100 30
6101 23
6102 50
6103 46
6104 43
6105 60
6106 56
6107 58
6108 60
6109 71
6110 71
6111 55
6112 51
6113 50
6114 60
6115 50
6116 58
6117 39
6118 66
6119 51
6120 44
6121 56
6122 47
6123 52
6124 44
6125 49
6126 55
6127 38
6128 55
6129 60
6130 39
6131 29
6132 27
6133 32
6134 27
6135 18
6136 18
6137 16
6138 25
6139 26
6140 32
6141 35
6142 34
6143 40
6144 18
6145 25
6146 34
6147 27
6148 35
6149 44
6150 41
6151 37
6152 34
6153 31
6154 33
6155 22
6156 25
6157 17
6158 42
6159 50
6160 59
6161 50
6162 83
6163 54
6164 74
6165 50
6166 71
6167 68
6168 62
6169 47
6170 46
6171 48
6172 66
6173 70
6174 62
6175 57
6176 60
6177 46
6178 52
6179 39
6180 46
6181 61
6182 38
6183 59
6184 63
6185 44
6186 53
6187 42
6188 45
6189 27
6190 28
6191 20
6192 28
6193 21
6194 22
6195 35
6196 30
6197 37
6198 29
6199 28
6200 19
6201 21
6202 20
6203 26
6204 35
6205 38
6206 34
6207 40
6208 42
6209 36
6210 38
6211 25
6212 18
6213 14
6214 0
6215 0
6216 0
6217 0
6218 0
6219 0
6220 0
6221 62
6222 51
6223 70
6224 58
6225 53
6226 45
6227 31
6228 54
6229 60
6230 48
6231 53
6232 51
6233 46
6234 50
6235 37
6236 41
6237 59
6238 49
6239 55
6240 54
6241 57
6242 52
6243 42
6244 29
6245 24
6246 20
6247 18
6248 16
6249 13
6250 23
6251 26
6252 29
6253 32
6254 34
6255 44
6256 15
6257 23
6258 21
6259 28
6260 37
6261 35
6262 42
6263 43
6264 41
6265 36
6266 26
6267 26
6268 21
6269 24
6270 37
6271 49
6272 44
6273 56
6274 75
6275 70
6276 63
6277 63
6278 61
6279 57
6280 61
6281 53
6282 56
6283 41
6284 58
6285 50
6286 65
6287 43
6288 64
6289 47
6290 50
6291 35
6292 53
6293 49
6294 78
6295 47
6296 69
6297 72
6298 40
6299 37
6300 32
6301 41
6302 30
6303 20
6304 24
6305 23
6306 21
6307 38
6308 31
6309 31
6310 44
6311 46
6312 17
6313 32
6314 30
6315 24
6316 31
6317 39
6318 36
6319 44
6320 51
6321 32
6322 32
6323 18
6324 22
6325 27
6326 42
6327 49
6328 43
6329 39
6330 56
6331 58
6332 54
6333 50
6334 69
6335 58
6336 46
6337 55
6338 41
6339 42
6340 67
6341 65
6342 60
6343 56
6344 49
6345 50
6346 46
6347 35
6348 44
6349 42
6350 54
6351 52
6352 61
6353 64
6354 39
6355 26
6356 28
6357 36
6358 35
6359 24
6360 32
6361 14
6362 28
6363 27
6364 22
6365 32
6366 34
6367 41
6368 22
6369 21
6370 28
6371 29
6372 28
6373 33
6374 36
6375 40
6376 42
6377 37
6378 31
6379 37
6380 32
6381 29
6382 51
6383 45
6384 49
6385 60
6386 64
6387 72
6388 58
6389 62
6390 61
6391 70
6392 58
6393 53
6394 55
6395 49
6396 63
6397 51
6398 60
6399 50
6400 43
6401 48
6402 45
6403 45
6404 60
6405 52
6406 53
6407 74
6408 51
6409 47
6410 46
6411 48
6412 43
6413 29
6414 21
6415 24
6416 22
6417 23
6418 22
6419 25
6420 30
6421 41
6422 35
6423 44
6424 18
6425 18
6426 17
6427 14
6428 36
6429 30
6430 27
6431 37
6432 40
6433 26
6434 26
6435 11
6436 18
6437 21
6438 32
6439 39
6440 46
6441 49
6442 50
6443 38
6444 49
6445 58
6446 55
6447 63
6448 52
6449 36
6450 62
6451 46
6452 48
6453 54
6454 51
6455 43
6456 39
6457 57
6458 51
6459 54
6460 35
6461 44
6462 49
6463 57
6464 55
6465 44
6466 37
6467 35
6468 36
6469 31
6470 20
6471 22
6472 24
6473 21
6474 25
6475 23
6476 38
6477 33
6478 32
6479 41
6480 1
6481 4
6482 1
6483 4
6484 0
6485 10
6486 8
6487 6
6488 12
6489 8
6490 1
6491 2
6492 2
6493 1
6494 10
6495 9
6496 15
6497 9
6498 8
6499 13
6500 14
6501 18
6502 17
6503 18
6504 12
6505 15
6506 7
6507 6
6508 18
6509 24
6510 21
6511 20
6512 19
6513 28
6514 28
6515 29
6516 18
6517 24
6518 14
6519 26
6520 22
6521 15
6522 24
6523 33
6524 19
6525 29
6526 24
6527 25
6528 31
6529 20
6530 24
6531 28
6532 24
6533 26
6534 24
6535 17
6536 27
6537 22
6538 28
6539 28
6540 26
6541 14
6542 16
6543 19
6544 14
6545 29
6546 19
6547 22
6548 26
6549 30
6550 15
6551 11
6552 15
6553 13
6554 14
6555 11
6556 12
6557 7
6558 18
6559 18
6560 20
6561 12
6562 18
6563 27
6564 12
6565 5
6566 9
6567 2
6568 6
6569 2
6570 1
6571 2
6572 3
6573 3
6574 6
6575 2
6576 7
6577 13
6578 0
6579 2
6580 2
6581 0
6582 0
6583 0
6584 0
6585 9
6586 6
6587 6
6588 2
6589 2
6590 3
6591 0
6592 7
6593 8
6594 11
6595 13
6596 20
6597 9
6598 25
6599 23
6600 12
6601 17
6602 18
6603 17
6604 5
6605 8
6606 30
6607 20
6608 22
6609 31
6610 17
6611 23
6612 25
6613 24
6614 21
6615 24
6616 16
6617 19
6618 14
6619 14
6620 21
6621 26
6622 21
6623 37
6624 37
6625 31
6626 37
6627 32
6628 28
6629 25
6630 30
6631 25
6632 27
6633 28
6634 25
6635 35
6636 18
6637 30
6638 22
6639 24
6640 18
6641 18
6642 20
6643 22
6644 21
6645 28
6646 20
6647 22
6648 14
6649 18
6650 15
6651 8
6652 17
6653 9
6654 12
6655 15
6656 18
6657 12
6658 17
6659 14
6660 20
6661 13
6662 5
6663 10
6664 7
6665 3
6666 1
6667 2
6668 3
6669 4
6670 3
6671 4
6672 4
6673 6
6674 7
6675 10
6676 0
6677 2
6678 0
6679 6
6680 9
6681 7
6682 7
6683 12
6684 11
6685 8
6686 8
6687 1
6688 2
6689 4
6690 10
6691 12
6692 7
6693 16
6694 11
6695 19
6696 17
6697 16
6698 25
6699 19
6700 18
6701 11
6702 13
6703 13
6704 22
6705 20
6706 28
6707 28
6708 36
6709 25
6710 41
6711 34
6712 33
6713 32
6714 20
6715 36
6716 19
6717 21
6718 33
6719 32
6720 29
6721 34
6722 35
6723 37
6724 27
6725 26
6726 26
6727 33
6728 31
6729 34
6730 26
6731 26
6732 23
6733 25
6734 18
6735 27
6736 27
6737 16
6738 20
6739 19
6740 27
6741 30
6742 35
6743 21
6744 18
6745 35
6746 23
6747 16
6748 21
6749 17
6750 12
6751 20
6752 14
6753 10
6754 9
6755 8
6756 15
6757 20
6758 18
6759 26
6760 6
6761 8
6762 6
6763 10
6764 7
6765 2
6766 0
6767 3
6768 0
6769 3
6770 8
6771 8
6772 3
6773 11
6774 2
6775 3
6776 5
6777 9
6778 6
6779 8
6780 9
6781 7
6782 7
6783 6
6784 4
6785 2
6786 0
6787 1
6788 10
6789 9
6790 10
6791 11
6792 10
6793 19
6794 25
6795 13
6796 18
6797 16
6798 20
6799 22
6800 11
6801 10
6802 12
6803 28
6804 18
6805 15
6806 22
6807 26
6808 30
6809 30
6810 33
6811 26
6812 24
6813 31
6814 22
6815 21
6816 26
6817 28
6818 26
6819 30
6820 24
6821 27
6822 17
6823 29
6824 41
6825 29
6826 31
6827 35
6828 31
6829 27
6830 23
6831 28
6832 25
6833 23
6834 18
6835 20
6836 22
6837 23
6838 21
6839 22
6840 20
6841 25
6842 35
6843 32
6844 20
6845 15
6846 17
6847 14
6848 16
6849 8
6850 11
6851 5
6852 18
6853 11
6854 16
6855 20
6856 25
6857 18
6858 4
6859 8
6860 5
6861 11
6862 4
6863 4
6864 3
6865 0
6866 0
6867 1
6868 7
6869 5
6870 8
6871 12
6872 3
6873 2
6874 2
6875 2
6876 6
6877 12
6878 7
6879 5
6880 5
6881 8
6882 5
6883 4
6884 2
6885 2
6886 9
6887 14
6888 15
6889 19
6890 22
6891 13
6892 24
6893 24
6894 19
6895 24
6896 16
6897 13
6898 11
6899 11
6900 25
6901 18
6902 21
6903 22
6904 22
6905 34
6906 36
6907 23
6908 26
6909 27
6910 29
6911 16
6912 28
6913 29
6914 34
6915 35
6916 32
6917 32
6918 33
6919 28
6920 35
6921 31
6922 26
6923 37
6924 29
6925 36
6926 32
6927 24
6928 27
6929 26
6930 24
6931 0
6932 21
6933 26
6934 19
6935 31
6936 22
6937 21
6938 23
6939 33
6940 29
6941 34
6942 16
6943 15
6944 10
6945 9
6946 14
6947 8
6948 6
6949 13
6950 8
6951 7
6952 13
6953 15
6954 24
6955 28
6956 15
6957 7
6958 4
6959 5
6960 3
6961 0
6962 3
6963 2
6964 5
6965 3
6966 8
6967 10
6968 12
6969 14
6970 2
6971 3
6972 4
6973 4
6974 4
6975 8
6976 7
6977 13
6978 8
6979 8
6980 5
6981 8
6982 2
6983 0
6984 6
6985 6
6986 15
6987 15
6988 18
6989 23
6990 17
6991 31
6992 12
6993 18
6994 18
6995 18
6996 11
6997 15
6998 21
6999 25
7000 27
7001 19
7002 20
7003 35
7004 22
7005 28
7006 28
7007 31
7008 24
7009 16
7010 24
7011 20
7012 26
7013 28
7014 34
7015 35
7016 29
7017 30
7018 30
7019 17
7020 26
7021 33
7022 28
7023 31
7024 42
7025 26
7026 31
7027 27
7028 21
7029 24
7030 28
7031 18
7032 26
7033 20
7034 30
7035 32
7036 28
7037 22
7038 28
7039 43
7040 10
7041 19
7042 16
7043 14
7044 13
7045 7
7046 9
7047 14
7048 17
7049 15
7050 15
7051 11
7052 15
7053 19
7054 10
7055 5
7056 1
7057 6
7058 2
7059 1
7060 3
7061 0
7062 2
7063 4
7064 3
7065 10
7066 9
7067 11
7068 0
7069 0
7070 4
7071 7
7072 10
7073 4
7074 9
7075 11
7076 8
7077 8
7078 9
7079 5
7080 0
7081 1
7082 6
7083 8
7084 12
7085 13
7086 18
7087 20
7088 28
7089 23
7090 31
7091 15
7092 7
7093 11
7094 15
7095 14
7096 22
7097 23
7098 27
7099 16
7100 17
7101 28
7102 25
7103 31
7104 26
7105 35
7106 33
7107 35
7108 33
7109 20
7110 34
7111 29
7112 32
7113 42
7114 27
7115 40
7116 35
7117 29
7118 26
7119 22
7120 33
7121 31
7122 23
7123 26
7124 29
7125 25
7126 26
7127 26
7128 21
7129 20
7130 21
7131 22
7132 24
7133 28
7134 28
7135 23
7136 38
7137 33
7138 19
7139 20
7140 15
7141 19
7142 9
7143 16
7144 7
7145 9
7146 17
7147 15
7148 11
7149 14
7150 20
7151 6
7152 14
7153 5
7154 4
7155 3
7156 3
7157 5
7158 1
7159 1
7160 3
7161 0
7162 6
7163 6
7164 5
7165 12
7166 2
7167 1
7168 4
7169 10
7170 12
7171 5
7172 9
7173 9
7174 11
7175 11
7176 7
7177 5
7178 1
7179 1
7180 13
7181 12
7182 11
7183 12
7184 11
7185 19
7186 13
7187 19
7188 17
7189 16
7190 9
7191 8
7192 15
7193 15
7194 16
7195 29
7196 15
7197 23
7198 28
7199 34
7200 26
7201 35
7202 28
7203 28
7204 32
7205 25
7206 27
7207 26
7208 19
7209 42
7210 37
7211 48
7212 34
7213 38
7214 28
7215 33
7216 28
7217 27
7218 23
7219 27
7220 44
7221 30
7222 19
7223 17
7224 24
7225 32
7226 24
7227 16
7228 24
7229 13
7230 19
7231 20
7232 24
7233 25
7234 25
7235 24
7236 20
7237 29
7238 16
7239 12
7240 13
7241 10
7242 13
7243 15
7244 13
7245 12
7246 14
7247 9
7248 19
7249 11
7250 8
7251 11
7252 7
7253 8
7254 1
7255 1
7256 2
7257 1
7258 1
7259 3
7260 7
7261 8
7262 8
7263 6
7264 1
7265 3
7266 3
7267 2
7268 1
7269 7
7270 9
7271 6
7272 9
7273 6
7274 6
7275 4
7276 3
7277 1
7278 11
7279 11
7280 11
7281 15
7282 6
7283 15
7284 22
7285 18
7286 18
7287 23
7288 21
7289 8
7290 9
7291 14
7292 24
7293 24
7294 23
7295 26
7296 31
7297 26
7298 35
7299 26
7300 22
7301 26
7302 22
7303 32
7304 27
7305 14
7306 36
7307 19
7308 30
7309 32
7310 31
7311 30
7312 0
7313 29
7314 33
7315 27
7316 31
7317 29
7318 26
7319 38
7320 26
7321 26
7322 22
7323 27
7324 20
7325 19
7326 25
7327 25
7328 24
7329 29
7330 24
7331 36
7332 28
7333 22
7334 15
7335 18
7336 12
7337 24
7338 18
7339 11
7340 14
7341 10
7342 14
7343 5
7344 17
7345 27
7346 19
7347 24
7348 14
7349 8
7350 12
7351 8
7352 3
7353 5
7354 2
7355 1
7356 4
7357 1
7358 1
7359 3
7360 5
7361 8
7362 2
7363 2
7364 4
7365 1
7366 11
7367 9
7368 6
7369 0
7370 0
7371 0
7372 0
7373 0
7374 0
7375 0
7376 13
7377 9
7378 9
7379 17
7380 22
7381 18
7382 15
7383 20
7384 20
7385 23
7386 21
7387 18
7388 16
7389 15
7390 25
7391 20
7392 29
7393 21
7394 21
7395 17
7396 33
7397 33
7398 24
7399 30
7400 26
7401 25
7402 30
7403 19
7404 28
7405 27
7406 28
7407 26
7408 40
7409 35
7410 21
7411 34
7412 38
7413 27
7414 31
7415 30
7416 43
7417 32
7418 19
7419 31
7420 24
7421 23
7422 25
7423 11
7424 16
7425 24
7426 15
7427 23
7428 29
7429 29
7430 30
7431 24
7432 18
7433 22
7434 12
7435 16
7436 13
7437 11
7438 14
7439 10
7440 12
7441 10
7442 15
7443 16
7444 13
7445 22
7446 8
7447 6
7448 7
7449 9
7450 2
7451 2
7452 0
7453 1
7454 4
7455 6
7456 6
7457 9
7458 7
7459 8
7460 0
7461 1
7462 5
7463 3
7464 6
7465 11
7466 10
7467 15
7468 11
7469 7
7470 6
7471 1
7472 0
7473 3
7474 8
7475 8
7476 12
7477 15
7478 17
7479 20
7480 26
7481 13
7482 24
7483 17
7484 11
7485 11
7486 15
7487 14
7488 17
7489 32
7490 34
7491 21
7492 31
7493 28
7494 29
7495 22
7496 32
7497 35
7498 23
7499 25
7500 20
7501 21
7502 20
7503 16
7504 32
7505 33
7506 22
7507 19
7508 23
7509 27
7510 26
7511 18
7512 28
7513 25
7514 32
7515 36
7516 38
7517 31
7518 27
7519 21
7520 19
7521 21
7522 13
7523 18
7524 22
7525 32
7526 26
7527 26
7528 25
7529 31
7530 23
7531 29
7532 11
7533 17
7534 11
7535 12
7536 16
7537 23
7538 12
7539 16
7540 8
7541 20
7542 18
7543 25
7544 14
7545 9
7546 6
7547 4
7548 6
7549 1
7550 3
7551 2
7552 1
7553 5
7554 5
7555 7
7556 10
7557 6
7558 0
7559 0
7560 2
7561 8
7562 7
7563 6
7564 14
7565 5
7566 9
7567 7
7568 5
7569 3
7570 4
7571 1
7572 9
7573 8
7574 16
7575 14
7576 21
7577 20
7578 13
7579 27
7580 14
7581 17
7582 15
7583 19
7584 11
7585 13
7586 22
7587 26
7588 18
7589 14
7590 15
7591 34
7592 31
7593 25
7594 30
7595 18
7596 27
7597 22
7598 17
7599 22
7600 28
7601 27
7602 26
7603 23
7604 26
7605 28
7606 26
7607 29
7608 32
7609 28
7610 31
7611 35
7612 24
7613 36
7614 20
7615 35
7616 34
7617 25
7618 20
7619 27
7620 26
7621 21
7622 27
7623 25
7624 27
7625 25
7626 22
7627 26
7628 22
7629 21
7630 14
7631 20
7632 18
7633 17
7634 18
7635 18
7636 13
7637 16
7638 17
7639 11
7640 16
7641 20
7642 12
7643 4
7644 7
7645 5
7646 3
7647 2
7648 2
7649 0
7650 0
7651 2
7652 8
7653 6
7654 11
7655 7
7656 0
7657 1
7658 4
7659 4
7660 2
7661 12
7662 7
7663 13
7664 8
7665 5
7666 12
7667 7
7668 3
7669 1
7670 13
7671 12
7672 15
7673 15
7674 18
7675 19
7676 21
7677 27
7678 19
7679 21
7680 13
7681 8
7682 18
7683 12
7684 20
7685 19
7686 23
7687 32
7688 32
7689 28
7690 34
7691 29
7692 26
7693 36
7694 31
7695 19
7696 21
7697 14
7698 25
7699 27
7700 34
7701 27
7702 23
7703 31
7704 26
7705 36
7706 37
7707 25
7708 35
7709 36
7710 23
7711 36
7712 31
7713 20
7714 31
7715 24
7716 27
7717 19
7718 23
7719 21
7720 28
7721 26
7722 19
7723 36
7724 25
7725 26
7726 14
7727 17
7728 18
7729 12
7730 13
7731 14
7732 15
7733 21
7734 13
7735 12
7736 12
7737 15
7738 15
7739 19
7740 14
7741 10
7742 5
7743 9
7744 0
7745 2
7746 2
7747 3
7748 0
7749 1
7750 5
7751 11
7752 15
7753 9
7754 1
7755 4
7756 1
7757 3
7758 5
7759 9
7760 8
7761 11
7762 10
7763 5
7764 5
7765 1
7766 1
7767 0
7768 11
7769 18
7770 16
7771 15
7772 14
7773 17
7774 15
7775 14
7776 8
7777 18
7778 15
7779 13
7780 11
7781 7
7782 20
7783 23
7784 22
7785 22
7786 27
7787 34
7788 28
7789 20
7790 27
7791 23
7792 22
7793 26
7794 21
7795 25
7796 36
7797 29
7798 35
7799 28
7800 31
7801 22
7802 22
7803 22
7804 37
7805 33
7806 34
7807 31
7808 36
7809 27
7810 24
7811 22
7812 27
7813 23
7814 21
7815 29
7816 17
7817 22
7818 23
7819 30
7820 23
7821 35
7822 26
7823 29
7824 23
7825 19
7826 14
7827 11
7828 18
7829 19
7830 8
7831 14
7832 14
7833 14
7834 9
7835 13
7836 13
7837 22
7838 12
7839 6
7840 12
7841 4
7842 3
7843 1
7844 3
7845 3
7846 2
7847 4
7848 6
7849 7
7850 10
7851 10
7852 1
7853 1
7854 1
7855 5
7856 5
7857 6
7858 9
7859 9
7860 9
7861 7
7862 5
7863 2
7864 1
7865 2
7866 8
7867 14
7868 13
7869 13
7870 20
7871 8
7872 21
7873 22
7874 15
7875 11
7876 11
7877 19
7878 9
7879 14
7880 19
7881 17
7882 17
7883 28
7884 23
7885 32
7886 24
7887 31
7888 21
7889 28
7890 24
7891 28
7892 22
7893 20
7894 23
7895 26
7896 30
7897 31
7898 39
7899 31
7900 40
7901 34
7902 29
7903 25
7904 21
7905 27
7906 41
7907 26
7908 18
7909 22
7910 21
7911 24
7912 29
7913 27
7914 20
7915 30
7916 24
7917 31
7918 20
7919 30
7920 28
7921 30
7922 20
7923 30
7924 15
7925 15
7926 10
7927 14
7928 20
7929 15
7930 15
7931 23
7932 11
7933 15
7934 17
7935 16
7936 13
7937 7
7938 7
7939 10
7940 3
7941 2
7942 4
7943 0
7944 2
7945 5
7946 3
7947 9
7948 4
7949 9
7950 0
7951 5
7952 2
7953 3
7954 5
7955 12
7956 11
7957 8
7958 11
7959 5
7960 1
7961 2
7962 5
7963 5
7964 16
7965 11
7966 6
7967 13
7968 10
7969 18
7970 17
7971 22
7972 9
7973 19
7974 16
7975 13
7976 13
7977 7
7978 20
7979 23
7980 26
7981 23
7982 17
7983 25
7984 30
7985 40
7986 21
7987 24
7988 34
7989 20
7990 22
7991 21
7992 29
7993 33
7994 32
7995 23
7996 31
7997 29
7998 31
7999 24
8000 27
8001 23
8002 32
8003 21
8004 28
8005 24
8006 26
8007 15
8008 34
8009 19
8010 0
8011 26
8012 24
8013 26
8014 15
8015 25
8016 21
8017 27
8018 33
8019 26
8020 18
8021 19
8022 16
8023 15
8024 17
8025 14
8026 16
8027 13
8028 22
8029 16
8030 16
8031 12
8032 25
8033 19
8034 14
8035 13
8036 4
8037 7
8038 4
8039 6
8040 2
8041 3
8042 4
8043 7
8044 9
8045 4
8046 5
8047 9
8048 1
8049 2
8050 3
8051 4
8052 5
8053 8
8054 6
8055 8
8056 8
8057 6
8058 8
8059 0
8060 2
8061 2
8062 12
8063 12
8064 12
8065 19
8066 18
8067 15
8068 22
8069 24
8070 23
8071 17
8072 12
8073 13
8074 11
8075 15
8076 13
8077 22
8078 29
8079 24
8080 27
8081 28
8082 37
8083 31
8084 24
8085 32
8086 38
8087 24
8088 25
8089 28
8090 26
8091 27
8092 31
8093 19
8094 30
8095 14
8096 24
8097 33
8098 35
8099 41
8100 24
8101 33
8102 34
8103 32
8104 35
8105 23
8106 32
8107 20
8108 26
8109 19
8110 19
8111 14
8112 29
8113 28
8114 25
8115 21
8116 40
8117 14
8118 21
8119 19
8120 27
8121 15
8122 12
8123 13
8124 16
8125 10
8126 16
8127 13
8128 10
8129 19
8130 18
8131 15
8132 12
8133 8
8134 5
8135 9
8136 5
8137 6
8138 5
8139 4
8140 3
8141 5
8142 4
8143 5
8144 14
8145 16
8146 1
8147 2
8148 6
8149 6
8150 6
8151 17
8152 13
8153 16
8154 11
8155 9
8156 6
8157 2
8158 1
8159 0
8160 11
8161 13
8162 15
8163 6
8164 16
8165 22
8166 15
8167 30
8168 16
8169 16
8170 15
8171 15
8172 17
8173 14
8174 21
8175 27
8176 27
8177 24
8178 25
8179 28
8180 33
8181 26
8182 23
8183 26
8184 22
8185 22
8186 18
8187 23
8188 26
8189 41
8190 22
8191 18
8192 26
8193 35
8194 30
8195 25
8196 39
8197 31
8198 28
8199 35
8200 31
8201 26
8202 26
8203 24
8204 24
8205 19
8206 18
8207 15
8208 21
8209 23
8210 26
8211 25
8212 19
8213 28
8214 25
8215 25
8216 21
8217 19
8218 14
8219 6
8220 23
8221 16
8222 14
8223 19
8224 10
8225 17
8226 17
8227 12
8228 22
8229 22
8230 14
8231 10
8232 8
8233 4
8234 2
8235 3
8236 4
8237 0
8238 0
8239 1
8240 5
8241 6
8242 9
8243 10
8244 3
8245 5
8246 2
8247 5
8248 5
8249 13
8250 11
8251 8
8252 8
8253 5
8254 6
8255 1
8256 6
8257 1
8258 13
8259 10
8260 17
8261 15
8262 13
8263 18
8264 14
8265 9
8266 16
8267 17
8268 11
8269 16
8270 16
8271 11
8272 24
8273 22
8274 28
8275 24
8276 23
8277 29
8278 26
8279 26
8280 25
8281 32
8282 26
8283 18
8284 26
8285 22
8286 25
8287 33
8288 30
8289 33
8290 26
8291 39
8292 30
8293 26
8294 36
8295 22
8296 22
8297 34
8298 28
8299 29
8300 26
8301 31
8302 31
8303 28
8304 22
8305 21
8306 23
8307 24
8308 21
8309 26
8310 28
8311 29
8312 31
8313 29
8314 19
8315 27
8316 17
8317 26
8318 18
8319 11
8320 8
8321 15
8322 13
8323 15
8324 14
8325 18
8326 12
8327 19
8328 7
8329 7
8330 10
8331 5
8332 3
8333 6
8334 1
8335 3
8336 5
8337 2
8338 6
8339 6
8340 8
8341 17
8342 0
8343 2
8344 6
8345 3
8346 5
8347 9
8348 6
8349 11
8350 15
8351 7
8352 7
8353 7
8354 6
8355 3
8356 7
8357 7
8358 15
8359 15
8360 14
8361 15
8362 24
8363 15
8364 18
8365 12
8366 19
8367 17
8368 11
8369 10
8370 21
8371 26
8372 26
8373 24
8374 23
8375 30
8376 26
8377 29
8378 34
8379 28
8380 20
8381 26
8382 17
8383 20
8384 34
8385 31
8386 30
8387 28
8388 30
8389 26
8390 29
8391 26
8392 31
8393 31
8394 34
8395 34
8396 30
8397 33
8398 19
8399 32
8400 23
8401 25
8402 17
8403 20
8404 22
8405 22
8406 24
8407 24
8408 29
8409 31
8410 32
8411 31
8412 12
8413 16
8414 24
8415 12
8416 17
8417 9
8418 10
8419 15
8420 15
8421 12
8422 13
8423 14
8424 17
8425 29
8426 13
8427 6
8428 6
8429 7
8430 7
8431 1
8432 4
8433 4
8434 3
8435 1
8436 7
8437 9
8438 8
8439 12
8440 1
8441 3
8442 4
8443 3
8444 6
8445 8
8446 13
8447 12
8448 5
8449 7
8450 3
8451 4
8452 1
8453 1
8454 8
8455 15
8456 11
8457 21
8458 21
8459 19
8460 19
8461 21
8462 15
8463 19
8464 17
8465 17
8466 12
8467 18
8468 29
8469 16
8470 23
8471 27
8472 30
8473 32
8474 45
8475 30
8476 27
8477 39
8478 29
8479 25
8480 29
8481 22
8482 28
8483 32
8484 26
8485 44
8486 36
8487 29
8488 35
8489 30
8490 31
8491 36
8492 32
8493 38
8494 36
8495 37
8496 36
8497 22
8498 26
8499 35
8500 31
8501 19
8502 25
8503 31
8504 18
8505 25
8506 26
8507 30
8508 23
8509 41
8510 15
8511 15
8512 18
8513 14
8514 9
8515 10
8516 10
8517 15
8518 14
8519 13
8520 20
8521 14
8522 16
8523 12
8524 9
8525 11
8526 2
8527 6
8528 4
8529 1
8530 2
8531 1
8532 0
8533 7
8534 5
8535 4
8536 6
8537 11
8538 3
8539 3
8540 5
8541 10
8542 7
8543 9
8544 8
8545 12
8546 6
8547 10
8548 5
8549 4
8550 0
8551 5
8552 10
8553 16
8554 10
8555 18
8556 14
8557 20
8558 16
8559 14
8560 16
8561 14
8562 15
8563 11
8564 13
8565 11
8566 22
8567 26
8568 29
8569 27
8570 37
8571 36
8572 25
8573 24
8574 21
8575 32
8576 33
8577 18
8578 22
8579 23
8580 40
8581 34
8582 35
8583 31
8584 28
8585 39
8586 31
8587 28
8588 34
8589 27
8590 26
8591 25
8592 21
8593 30
8594 24
8595 18
8596 44
8597 26
8598 27
8599 20
8600 23
8601 17
8602 21
8603 26
8604 20
8605 22
8606 22
8607 17
8608 17
8609 17
8610 15
8611 11
8612 17
8613 18
8614 15
8615 10
8616 10
8617 19
8618 17
8619 19
8620 17
8621 25
8622 8
8623 11
8624 9
8625 7
8626 2
8627 3
8628 2
8629 2
8630 2
8631 7
8632 7
8633 7
8634 10
8635 10
8636 0
8637 8
8638 10
8639 4
8640 6
8641 10
8642 13
8643 8
8644 6
8645 6
8646 3
8647 7
8648 2
8649 3
8650 11
8651 10
8652 15
8653 14
8654 10
8655 22
8656 17
8657 7
8658 21
8659 22
8660 16
8661 12
8662 15
8663 10
8664 31
8665 24
8666 22
8667 27
8668 33
8669 31
8670 27
8671 23
8672 26
8673 30
8674 24
8675 27
8676 20
8677 19
8678 32
8679 28
8680 28
8681 49
8682 24
8683 27
8684 28
8685 22
8686 21
8687 41
8688 39
8689 30
8690 35
8691 33
8692 33
8693 26
8694 18
8695 26
8696 25
8697 19
8698 20
8699 23
8700 25
8701 20
8702 20
8703 33
8704 25
8705 25
8706 22
8707 23
8708 16
8709 13
8710 10
8711 7
8712 0
8713 8
8714 16
8715 15
8716 17
8717 21
8718 16
8719 18
8720 12
8721 7
8722 6
8723 12
8724 2
8725 4
8726 1
8727 2
8728 1
8729 4
8730 8
8731 7
8732 6
8733 10
8734 3
8735 1
8736 7
8737 6
8738 6
8739 10
8740 10
8741 9
8742 8
8743 10
8744 5
8745 3
8746 5
8747 1
8748 15
8749 18
8750 18
8751 12
8752 19
8753 18
8754 24
8755 23
8756 25
8757 15
8758 10
8759 14
8760 8
8761 10
8762 19
8763 24
8764 16
8765 19
8766 22
8767 22
8768 29
8769 37
8770 27
8771 25
8772 21
8773 27
8774 23
8775 16
8776 21
8777 35
8778 32
8779 24
8780 27
8781 31
8782 25
8783 43
8784 26
8785 48
8786 26
8787 34
8788 35
8789 38
8790 25
8791 30
8792 29
8793 27
8794 21
8795 18
8796 19
8797 14
8798 24
8799 16
8800 25
8801 26
8802 22
8803 37
8804 17
8805 19
8806 16
8807 12
8808 13
8809 11
8810 14
8811 12
8812 8
8813 11
8814 16
8815 13
8816 14
8817 18
8818 6
8819 19
8820 7
8821 4
8822 6
8823 2
8824 0
8825 3
8826 6
8827 7
8828 6
8829 7
8830 13
8831 9
8832 1
8833 2
8834 6
8835 8
8836 7
8837 9
8838 19
8839 16
8840 14
8841 5
8842 3
8843 2
8844 6
8845 0
8846 10
8847 16
8848 13
8849 21
8850 19
8851 21
8852 17
8853 12
8854 23
8855 16
8856 21
8857 11
8858 20
8859 8
8860 22
8861 25
8862 37
8863 33
8864 27
8865 21
8866 27
8867 23
8868 29
8869 31
8870 24
8871 23
8872 24
8873 24
8874 34
8875 38
8876 35
8877 29
8878 29
8879 40
8880 34
8881 43
8882 43
8883 29
8884 30
8885 35
8886 48
8887 28
8888 26
8889 25
8890 27
8891 20
8892 21
8893 20
8894 25
8895 22
8896 17
8897 30
8898 20
8899 34
8900 26
8901 32
8902 19
8903 16
8904 12
8905 14
8906 13
8907 21
8908 9
8909 9
8910 11
8911 19
8912 18
8913 17
8914 21
8915 22
8916 10
8917 4
8918 15
8919 3
8920 1
8921 6
8922 2
8923 1
8924 4
8925 4
8926 8
8927 10
8928 11
8929 12
8930 2
8931 0
8932 0
8933 3
8934 4
8935 15
8936 14
8937 8
8938 15
8939 10
8940 5
8941 2
8942 4
8943 3
8944 7
8945 10
8946 10
8947 18
8948 25
8949 26
8950 18
8951 23
8952 22
8953 13
8954 14
8955 12
8956 21
8957 17
8958 20
8959 24
8960 17
8961 24
8962 38
8963 33
8964 30
8965 44
8966 19
8967 33
8968 30
8969 27
8970 20
8971 23
8972 30
8973 24
8974 34
8975 29
8976 35
8977 27
8978 21
8979 28
8980 23
8981 30
8982 34
8983 39
8984 19
8985 33
8986 21
8987 26
8988 26
8989 27
8990 21
8991 24
8992 23
8993 18
8994 27
8995 29
8996 26
8997 26
8998 34
8999 18
9000 25
9001 17
9002 11
9003 16
9004 4
9005 11
9006 9
9007 11
9008 8
9009 11
9010 11
9011 15
9012 15
9013 10
9014 14
9015 7
9016 8
9017 9
9018 6
9019 0
9020 2
9021 1
9022 2
9023 1
9024 4
9025 6
9026 13
9027 8
9028 1
9029 4
9030 6
9031 10
9032 4
9033 11
9034 18
9035 10
9036 8
9037 10
9038 6
9039 4
9040 2
9041 1
9042 12
9043 13
9044 12
9045 15
9046 19
9047 27
9048 14
9049 13
9050 17
9051 16
9052 14
9053 6
9054 12
9055 6
9056 14
9057 19
9058 22
9059 26
9060 23
9061 24
9062 32
9063 32
9064 28
9065 18
9066 24
9067 17
9068 23
9069 20
9070 30
9071 29
9072 31
9073 27
9074 20
9075 40
9076 27
9077 29
9078 27
9079 34
9080 46
9081 34
9082 26
9083 24
9084 22
9085 25
9086 24
9087 30
9088 16
9089 22
9090 19
9091 20
9092 25
9093 25
9094 30
9095 27
9096 31
9097 29
9098 24
9099 16
9100 28
9101 24
9102 19
9103 14
9104 10
9105 15
9106 13
9107 19
9108 14
9109 20
9110 21
9111 18
9112 13
9113 9
9114 8
9115 11
9116 2
9117 3
9118 0
9119 0
9120 3
9121 5
9122 7
9123 5
9124 11
9125 7
9126 1
9127 1
9128 2
9129 6
9130 8
9131 5
9132 16
9133 11
9134 14
9135 12
9136 10
9137 5
9138 3
9139 1
9140 12
9141 17
9142 6
9143 17
9144 13
9145 13
9146 22
9147 21
9148 22
9149 14
9150 15
9151 15
9152 12
9153 8
9154 22
9155 23
9156 34
9157 26
9158 36
9159 21
9160 28
9161 24
9162 49
9163 25
9164 22
9165 28
9166 19
9167 28
9168 24
9169 32
9170 25
9171 22
9172 24
9173 23
9174 24
9175 42
9176 35
9177 29
9178 30
9179 28
9180 28
9181 30
9182 25
9183 31
9184 15
9185 16
9186 22
9187 15
9188 15
9189 27
9190 22
9191 22
9192 24
9193 20
9194 34
9195 37
9196 19
9197 16
9198 15
9199 14
9200 7
9201 11
9202 7
9203 6
9204 13
9205 11
9206 19
9207 17
9208 20
9209 20
9210 10
9211 15
9212 7
9213 5
9214 5
9215 2
9216 3
9217 2
9218 2
9219 2
9220 7
9221 6
9222 7
9223 8
9224 3
9225 1
9226 3
9227 7
9228 3
9229 7
9230 9
9231 8
9232 12
9233 5
9234 8
9235 3
9236 3
9237 2
9238 11
9239 15
9240 14
9241 21
9242 16
9243 14
9244 26
9245 21
9246 24
9247 19
9248 24
9249 20
9250 8
9251 12
9252 0
9253 0
9254 0
9255 0
9256 0
9257 0
9258 0
9259 37
9260 34
9261 25
9262 31
9263 26
9264 27
9265 18
9266 31
9267 30
9268 29
9269 35
9270 30
9271 34
9272 19
9273 46
9274 30
9275 25
9276 32
9277 27
9278 31
9279 43
9280 26
9281 29
9282 33
9283 22
9284 25
9285 18
9286 24
9287 20
9288 26
9289 26
9290 27
9291 26
9292 43
9293 24
9294 22
9295 21
9296 16
9297 17
9298 18
9299 10
9300 16
9301 18
9302 10
9303 19
9304 20
9305 21
9306 17
9307 14
9308 10
9309 14
9310 13
9311 7
9312 8
9313 1
9314 3
9315 2
9316 2
9317 3
9318 8
9319 8
9320 7
9321 5
9322 2
9323 4
9324 2
9325 6
9326 6
9327 12
9328 5
9329 4
9330 12
9331 9
9332 7
9333 3
9334 4
9335 1
9336 7
9337 10
9338 10
9339 22
9340 15
9341 24
9342 15
9343 24
9344 17
9345 15
9346 17
9347 8
9348 15
9349 10
9350 19
9351 23
9352 19
9353 24
9354 22
9355 32
9356 28
9357 37
9358 32
9359 31
9360 21
9361 30
9362 29
9363 23
9364 27
9365 29
9366 19
9367 28
9368 33
9369 26
9370 27
9371 33
9372 31
9373 14
9374 29
9375 28
9376 33
9377 33
9378 30
9379 24
9380 26
9381 22
9382 25
9383 29
9384 22
9385 17
9386 27
9387 22
9388 18
9389 18
9390 28
9391 31
9392 11
9393 15
9394 15
9395 16
9396 11
9397 8
9398 13
9399 11
9400 8
9401 14
9402 12
9403 15
9404 24
9405 14
9406 8
9407 11
9408 10
9409 4
9410 4
9411 1
9412 2
9413 3
9414 2
9415 2
9416 3
9417 10
9418 9
9419 10
9420 1
9421 2
9422 2
9423 3
9424 11
9425 12
9426 10
9427 7
9428 10
9429 8
9430 6
9431 2
9432 2
9433 2
9434 14
9435 15
9436 19
9437 20
9438 22
9439 23
9440 22
9441 22
9442 16
9443 25
9444 25
9445 17
9446 18
9447 11
9448 12
9449 21
9450 24
9451 33
9452 20
9453 29
9454 26
9455 24
9456 27
9457 30
9458 27
9459 19
9460 30
9461 21
9462 33
9463 40
9464 32
9465 30
9466 36
9467 25
9468 29
9469 39
9470 32
9471 28
9472 41
9473 30
9474 34
9475 26
9476 38
9477 26
9478 31
9479 24
9480 17
9481 28
9482 15
9483 24
9484 23
9485 27
9486 19
9487 28
9488 32
9489 33
9490 27
9491 14
9492 15
9493 18
9494 17
9495 15
9496 7
9497 21
9498 18
9499 18
9500 0
9501 26
9502 16
9503 21
9504 15
9505 10
9506 4
9507 7
9508 2
9509 1
9510 2
9511 2
9512 1
9513 3
9514 6
9515 7
9516 11
9517 20
9518 1
9519 3
9520 5
9521 11
9522 7
9523 15
9524 7
9525 12
9526 7
9527 8
9528 6
9529 6
9530 1
9531 1
9532 14
9533 10
9534 14
9535 13
9536 18
9537 15
9538 23
9539 20
9540 13
9541 10
9542 14
9543 13
9544 11
9545 11
9546 26
9547 15
9548 39
9549 22
9550 26
9551 21
9552 33
9553 21
9554 29
9555 29
9556 16
9557 29
9558 28
9559 29
9560 26
9561 31
9562 32
9563 27
9564 29
9565 28
9566 32
9567 26
9568 33
9569 32
9570 29
9571 39
9572 30
9573 33
9574 22
9575 32
9576 24
9577 20
9578 26
9579 19
9580 24
9581 24
9582 21
9583 21
9584 24
9585 27
9586 40
9587 37
9588 16
9589 13
9590 19
9591 12
9592 13
9593 9
9594 10
9595 13
9596 10
9597 17
9598 14
9599 16
9600 14
9601 12
9602 10
9603 12
9604 7
9605 5
9606 3
9607 1
9608 2
9609 0
9610 3
9611 5
9612 11
9613 6
9614 8
9615 8
9616 3
9617 3
9618 1
9619 7
9620 6
9621 6
9622 12
9623 8
9624 11
9625 10
9626 5
9627 5
9628 4
9629 2
9630 14
9631 12
9632 9
9633 13
9634 18
9635 18
9636 19
9637 13
9638 25
9639 23
9640 13
9641 19
9642 7
9643 9
9644 18
9645 14
9646 30
9647 23
9648 30
9649 28
9650 0
9651 27
9652 26
9653 31
9654 28
9655 30
9656 23
9657 34
9658 26
9659 22
9660 38
9661 28
9662 30
9663 40
9664 29
9665 43
9666 28
9667 26
9668 41
9669 30
9670 28
9671 33
9672 42
9673 27
9674 32
9675 20
9676 26
9677 18
9678 22
9679 23
9680 18
9681 30
9682 29
9683 21
9684 34
9685 29
9686 17
9687 14
9688 22
9689 14
9690 16
9691 17
9692 15
9693 23
9694 24
9695 8
9696 15
9697 17
9698 19
9699 16
9700 11
9701 1
9702 8
9703 5
9704 6
9705 3
9706 1
9707 6
9708 1
9709 3
9710 13
9711 8
9712 15
9713 9
9714 3
9715 2
9716 4
9717 10
9718 5
9719 11
9720 13
9721 6
9722 7
9723 9
9724 2
9725 4
9726 4
9727 4
9728 8
9729 15
9730 19
9731 13
9732 13
9733 10
9734 16
9735 23
9736 17
9737 17
9738 19
9739 10
9740 10
9741 8
9742 22
9743 22
9744 19
9745 19
9746 21
9747 27
9748 27
9749 25
9750 26
9751 27
9752 16
9753 26
9754 25
9755 24
9756 26
9757 32
9758 24
9759 30
9760 34
9761 26
9762 19
9763 24
9764 36
9765 31
9766 32
9767 19
9768 29
9769 25
9770 32
9771 33
9772 30
9773 28
9774 12
9775 16
9776 21
9777 21
9778 20
9779 18
9780 27
9781 26
9782 33
9783 33
9784 20
9785 14
9786 18
9787 18
9788 21
9789 13
9790 9
9791 10
9792 10
9793 11
9794 13
9795 19
9796 14
9797 25
9798 10
9799 11
9800 4
9801 6
9802 2
9803 2
9804 1
9805 2
9806 5
9807 4
9808 9
9809 6
9810 15
9811 13
9812 0
9813 2
9814 1
9815 6
9816 2
9817 12
9818 10
9819 11
9820 8
9821 6
9822 9
9823 2
9824 2
9825 1
9826 14
9827 14
9828 16
9829 18
9830 19
9831 19
9832 17
9833 18
9834 21
9835 18
9836 12
9837 13
9838 12
9839 18
9840 23
9841 27
9842 30
9843 18
9844 20
9845 31
9846 33
9847 32
9848 34
9849 36
9850 30
9851 23
9852 26
9853 20
9854 41
9855 30
9856 32
9857 25
9858 27
9859 27
9860 25
9861 29
9862 25
9863 30
9864 24
9865 29
9866 31
9867 34
9868 30
9869 43
9870 27
9871 28
9872 24
9873 19
9874 19
9875 25
9876 18
9877 22
9878 38
9879 26
9880 25
9881 30
9882 14
9883 18
9884 16
9885 14
9886 19
9887 16
9888 16
9889 15
9890 14
9891 17
9892 14
9893 14
9894 16
9895 23
9896 16
9897 13
9898 10
9899 2
9900 4
9901 3
9902 2
9903 0
9904 5
9905 4
9906 9
9907 8
9908 14
9909 14
9910 0
9911 0
9912 1
9913 6
9914 3
9915 8
9916 11
9917 11
9918 8
9919 10
9920 5
9921 5
9922 2
9923 1
9924 10
9925 16
9926 16
9927 9
9928 13
9929 21
9930 17
9931 18
9932 21
9933 18
9934 18
9935 15
9936 13
9937 11
9938 21
9939 23
9940 10
9941 27
9942 25
9943 35
9944 23
9945 32
9946 31
9947 28
9948 20
9949 23
9950 20
9951 18
9952 24
9953 31
9954 35
9955 30
9956 32
9957 34
9958 24
9959 34
9960 30
9961 34
9962 27
9963 34
9964 32
9965 31
9966 21
9967 20
9968 21
9969 28
9970 25
9971 39
9972 19
9973 16
9974 16
9975 22
9976 17
9977 31
9978 21
9979 22
9980 20
9981 22
9982 13
9983 20
9984 15
9985 13
9986 22
9987 16
9988 11
9989 8
9990 13
9991 16
9992 20
9993 18
9994 13
9995 12
9996 5
9997 4
9998 1
9999 2
10000 2
10001 3
10002 2
10003 2
10004 8
10005 5
10006 7
10007 5
10008 2
10009 2
10010 2
10011 7
10012 7
10013 16
10014 10
10015 10
10016 8
10017 10
10018 10
10019 6
10020 2
10021 2
10022 18
10023 19
10024 11
10025 12
10026 11
10027 17
10028 13
10029 21
10030 12
10031 13
10032 15
10033 13
10034 14
10035 13
10036 25
10037 17
10038 30
10039 22
10040 27
10041 30
10042 32
10043 31
10044 29
10045 25
10046 26
10047 20
10048 18
10049 21
10050 30
10051 43
10052 31
10053 40
10054 32
10055 31
10056 33
10057 23
10058 33
10059 32
10060 27
10061 32
10062 40
10063 23
10064 30
10065 30
10066 30
10067 35
10068 21
10069 29
10070 19
10071 22
10072 15
10073 22
10074 19
10075 27
10076 28
10077 27
10078 28
10079 17
10080 14
10081 19
10082 15
10083 19
10084 10
10085 12
10086 19
10087 15
10088 12
10089 20
10090 17
10091 23
10092 11
10093 14
10094 10
10095 5
10096 3
10097 2
10098 3
10099 2
10100 1
10101 2
10102 8
10103 9
10104 11
10105 11
10106 2
10107 2
10108 4
10109 4
10110 10
10111 9
10112 8
10113 6
10114 14
10115 9
10116 5
10117 2
10118 1
10119 1
10120 16
10121 10
10122 16
10123 18
10124 21
10125 20
10126 17
10127 12
10128 16
10129 15
10130 10
10131 10
10132 9
10133 8
10134 23
10135 16
10136 17
10137 25
10138 23
10139 29
10140 25
10141 33
10142 21
10143 33
10144 21
10145 25
10146 15
10147 14
10148 29
10149 29
10150 22
10151 35
10152 27
10153 37
10154 38
10155 18
10156 23
10157 30
10158 23
10159 26
10160 30
10161 30
10162 21
10163 17
10164 24
10165 17
10166 22
10167 25
10168 18
10169 12
10170 20
10171 23
10172 28
10173 26
10174 19
10175 31
10176 17
10177 12
10178 17
10179 10
10180 13
10181 9
10182 9
10183 10
10184 11
10185 11
10186 9
10187 27
10188 17
10189 16
10190 13
10191 17
10192 10
10193 6
10194 9
10195 4
10196 0
10197 2
10198 2
10199 3
10200 5
10201 10
10202 8
10203 9
10204 0
10205 2
10206 1
10207 2
10208 8
10209 13
10210 10
10211 8
10212 14
10213 10
10214 8
10215 6
10216 0
10217 0
10218 11
10219 9
10220 8
10221 13
10222 19
10223 22
10224 17
10225 21
10226 14
10227 20
10228 10
10229 15
10230 15
10231 10
10232 10
10233 24
10234 27
10235 28
10236 23
10237 40
10238 28
10239 35
10240 30
10241 24
10242 22
10243 20
10244 19
10245 15
10246 24
10247 42
10248 30
10249 33
10250 32
10251 27
10252 31
10253 35
10254 28
10255 48
10256 25
10257 27
10258 35
10259 34
10260 31
10261 36
10262 25
10263 27
10264 23
10265 17
10266 15
10267 16
10268 24
10269 28
10270 21
10271 25
10272 23
10273 36
10274 22
10275 22
10276 9
10277 17
10278 10
10279 15
10280 11
10281 4
10282 8
10283 14
10284 17
10285 14
10286 25
10287 20
10288 7
10289 10
10290 8
10291 6
10292 3
10293 1
10294 0
10295 1
10296 3
10297 2
10298 4
10299 5
10300 14
10301 11
10302 4
10303 2
10304 2
10305 5
10306 6
10307 11
10308 19
10309 11
10310 9
10311 13
10312 7
10313 1
10314 2
10315 1
10316 10
10317 15
10318 15
10319 14
10320 12
10321 18
10322 14
10323 19
10324 18
10325 13
10326 10
10327 11
10328 14
10329 8
10330 17
10331 24
10332 25
10333 24
10334 24
10335 19
10336 28
10337 23
10338 26
10339 32
10340 23
10341 17
10342 27
10343 13
10344 35
10345 34
10346 25
10347 34
10348 24
10349 20
10350 29
10351 26
10352 29
10353 31
10354 34
10355 29
10356 18
10357 23
10358 28
10359 33
10360 21
10361 22
10362 22
10363 18
10364 23
10365 25
10366 18
10367 29
10368 19
10369 28
10370 28
10371 24
10372 15
10373 26
10374 15
10375 15
10376 12
10377 13
10378 7
10379 12
10380 17
10381 15
10382 18
10383 17
10384 17
10385 20
10386 15
10387 11
10388 10
10389 11
10390 3
10391 5
10392 2
10393 2
10394 2
10395 6
10396 4
10397 5
10398 10
10399 11
10400 4
10401 5
10402 2
10403 6
10404 2
10405 11
10406 3
10407 8
10408 8
10409 7
10410 7
10411 2
10412 2
10413 0
10414 7
10415 10
10416 13
10417 12
10418 17
10419 16
10420 11
10421 21
10422 15
10423 17
10424 16
10425 9
10426 8
10427 9
10428 13
10429 19
10430 19
10431 26
10432 21
10433 21
10434 23
10435 25
10436 27
10437 25
10438 29
10439 34
10440 25
10441 21
10442 22
10443 27
10444 27
10445 25
10446 21
10447 16
10448 17
10449 32
10450 30
10451 24
10452 28
10453 40
10454 35
10455 18
10456 29
10457 27
10458 23
10459 23
10460 14
10461 25
10462 21
10463 18
10464 18
10465 26
10466 21
10467 36
10468 26
10469 24
10470 13
10471 21
10472 13
10473 17
10474 8
10475 8
10476 18
10477 6
10478 15
10479 7
10480 12
10481 13
10482 20
10483 19
10484 6
10485 8
10486 2
10487 6
10488 5
10489 3
10490 3
10491 2
10492 5
10493 6
10494 8
10495 3
10496 11
10497 11
10498 0
10499 0
10500 0
10501 2
10502 2
10503 7
10504 5
10505 7
10506 9
10507 6
10508 4
10509 1
10510 0
10511 3
10512 5
10513 7
10514 10
10515 6
10516 8
10517 9
10518 8
10519 19
10520 14
10521 9
10522 8
10523 8
10524 7
10525 14
10526 14
10527 11
10528 13
10529 13
10530 20
10531 17
10532 17
10533 22
10534 19
10535 15
10536 21
10537 16
10538 23
10539 9
10540 15
10541 17
10542 12
10543 13
10544 22
10545 26
10546 14
10547 28
10548 21
10549 20
10550 26
10551 23
10552 25
10553 26
10554 14
10555 17
10556 14
10557 17
10558 13
10559 9
10560 11
10561 21
10562 16
10563 26
10564 15
10565 22
10566 15
10567 21
10568 13
10569 11
10570 11
10571 11
10572 7
10573 7
10574 8
10575 11
10576 11
10577 13
10578 11
10579 14
10580 13
10581 20
10582 6
10583 6
10584 6
10585 4
10586 2
10587 1
10588 0
10589 2
10590 2
10591 3
10592 3
10593 4
10594 12
10595 11
10596 1
10597 4
10598 2
10599 5
10600 5
10601 7
10602 11
10603 7
10604 6
10605 6
10606 2
10607 1
10608 1
10609 1
10610 7
10611 6
10612 18
10613 8
10614 11
10615 16
10616 13
10617 9
10618 8
10619 10
10620 8
10621 7
10622 9
10623 9
10624 16
10625 25
10626 16
10627 21
10628 19
10629 11
10630 20
10631 17
10632 8
10633 25
10634 9
10635 19
10636 9
10637 5
10638 30
10639 25
10640 20
10641 25
10642 30
10643 25
10644 21
10645 17
10646 16
10647 14
10648 19
10649 22
10650 18
10651 22
10652 19
10653 22
10654 23
10655 14
10656 16
10657 25
10658 19
10659 13
10660 16
10661 14
10662 15
10663 14
10664 16
10665 26
10666 17
10667 14
10668 23
10669 13
10670 10
10671 14
10672 11
10673 10
10674 12
10675 8
10676 12
10677 10
10678 14
10679 13
10680 12
10681 11
10682 3
10683 8
10684 1
10685 1
10686 2
10687 3
10688 5
10689 1
10690 7
10691 8
10692 5
10693 5
10694 1
10695 8
10696 4
10697 2
10698 13
10699 6
10700 15
10701 8
10702 8
10703 7
10704 5
10705 2
10706 3
10707 2
10708 14
10709 13
10710 14
10711 11
10712 13
10713 18
10714 19
10715 22
10716 17
10717 12
10718 10
10719 10
10720 7
10721 17
10722 23
10723 21
10724 28
10725 26
10726 25
10727 29
10728 27
10729 30
10730 17
10731 27
10732 18
10733 22
10734 21
10735 13
10736 34
10737 33
10738 40
10739 28
10740 30
10741 31
10742 38
10743 25
10744 29
10745 30
10746 37
10747 30
10748 25
10749 42
10750 30
10751 23
10752 26
10753 25
10754 25
10755 25
10756 17
10757 19
10758 19
10759 20
10760 18
10761 27
10762 18
10763 27
10764 18
10765 24
10766 13
10767 19
10768 14
10769 17
10770 11
10771 14
10772 13
10773 13
10774 14
10775 14
10776 14
10777 17
10778 15
10779 11
10780 5
10781 9
10782 2
10783 6
10784 2
10785 0
10786 1
10787 4
10788 3
10789 9
10790 10
10791 9
10792 3
10793 1
10794 6
10795 7
10796 9
10797 16
10798 9
10799 12
10800 10
10801 3
10802 7
10803 3
10804 1
10805 0
10806 9
10807 15
10808 15
10809 15
10810 16
10811 16
10812 17
10813 17
10814 17
10815 30
10816 13
10817 19
10818 14
10819 11
10820 23
10821 24
10822 21
10823 30
10824 27
10825 26
10826 33
10827 35
10828 36
10829 36
10830 29
10831 41
10832 24
10833 28
10834 31
10835 39
10836 43
10837 38
10838 29
10839 34
10840 35
10841 30
10842 39
10843 32
10844 30
10845 40
10846 51
10847 46
10848 42
10849 38
10850 16
10851 20
10852 33
10853 22
10854 18
10855 29
10856 25
10857 26
10858 0
10859 25
10860 26
10861 41
10862 20
10863 19
10864 19
10865 19
10866 19
10867 11
10868 9
10869 13
10870 17
10871 19
10872 13
10873 14
10874 16
10875 17
10876 23
10877 8
10878 8
10879 10
10880 2
10881 4
10882 2
10883 2
10884 4
10885 7
10886 9
10887 8
10888 10
10889 10
10890 3
10891 3
10892 7
10893 8
10894 11
10895 6
10896 14
10897 14
10898 7
10899 8
10900 12
10901 0
10902 6
10903 1
10904 13
10905 18
10906 19
10907 18
10908 13
10909 29
10910 12
10911 25
10912 12
10913 17
10914 13
10915 18
10916 10
10917 11
10918 28
10919 22
10920 31
10921 30
10922 29
10923 25
10924 31
10925 29
10926 29
10927 25
10928 30
10929 21
10930 24
10931 20
10932 27
10933 41
10934 39
10935 24
10936 45
10937 22
10938 21
10939 26
10940 32
10941 28
10942 29
10943 35
10944 27
10945 30
10946 27
10947 24
10948 23
10949 18
10950 25
10951 28
10952 18
10953 29
10954 33
10955 25
10956 30
10957 25
10958 26
10959 35
10960 22
10961 17
10962 23
10963 13
10964 15
10965 19
10966 13
10967 14
10968 8
10969 16
10970 17
10971 19
10972 18
10973 18
10974 12
10975 13
10976 11
10977 6
10978 5
10979 4
10980 3
10981 2
10982 0
10983 3
10984 6
10985 13
10986 10
10987 11
10988 3
10989 3
10990 2
10991 4
10992 12
10993 10
10994 8
10995 13
10996 5
10997 10
10998 7
10999 5
11000 0
11001 3
11002 11
11003 12
11004 15
11005 17
11006 14
11007 16
11008 24
11009 25
11010 22
11011 23
11012 19
11013 14
11014 14
11015 11
11016 24
11017 28
11018 20
11019 25
11020 22
11021 24
11022 33
11023 27
11024 38
11025 29
11026 33
11027 31
11028 27
11029 27
11030 33
11031 29
11032 35
11033 35
11034 27
11035 28
11036 29
11037 36
11038 35
11039 37
11040 33
11041 37
11042 26
11043 30
11044 29
11045 31
11046 30
11047 20
11048 31
11049 26
11050 16
11051 21
11052 20
11053 24
11054 24
11055 37
11056 30
11057 32
11058 20
11059 17
11060 13
11061 20
11062 12
11063 10
11064 17
11065 16
11066 16
11067 18
11068 18
11069 15
11070 19
11071 12
11072 13
11073 10
11074 10
11075 9
11076 3
11077 2
11078 4
11079 1
11080 4
11081 5
11082 9
11083 7
11084 10
11085 7
11086 2
11087 1
11088 4
11089 6
11090 9
11091 7
11092 10
11093 11
11094 11
11095 7
11096 12
11097 2
11098 3
11099 3
11100 12
11101 14
11102 16
11103 14
11104 11
11105 16
11106 27
11107 22
11108 24
11109 26
11110 16
11111 15
11112 13
11113 13
11114 23
11115 25
11116 20
11117 32
11118 27
11119 34
11120 26
11121 24
11122 27
11123 24
11124 22
11125 36
11126 28
11127 21
11128 18
11129 28
11130 34
11131 27
11132 36
11133 36
11134 31
11135 31
11136 31
11137 39
11138 29
11139 24
11140 37
11141 33
11142 31
11143 19
11144 19
11145 29
11146 14
11147 26
11148 20
11149 18
11150 14
11151 15
11152 20
11153 18
11154 22
11155 33
11156 0
11157 0
11158 0
11159 0
11160 0
11161 0
11162 0
11163 7
11164 13
11165 16
11166 27
11167 18
11168 15
11169 13
11170 17
11171 5
11172 7
11173 8
11174 5
11175 2
11176 2
11177 0
11178 2
11179 6
11180 7
11181 12
11182 14
11183 19
11184 2
11185 6
11186 1
11187 4
11188 9
11189 10
11190 11
11191 14
11192 13
11193 6
11194 7
11195 6
11196 6
11197 1
11198 14
11199 13
11200 18
11201 13
11202 12
11203 23
11204 18
11205 22
11206 20
11207 19
11208 18
11209 9
11210 19
11211 14
11212 22
11213 20
11214 21
11215 11
11216 28
11217 30
11218 25
11219 35
11220 24
11221 35
11222 34
11223 30
11224 25
11225 31
11226 32
11227 30
11228 28
11229 22
11230 43
11231 29
11232 23
11233 35
11234 32
11235 24
11236 36
11237 26
11238 32
11239 27
11240 31
11241 30
11242 24
11243 23
11244 25
11245 25
11246 20
11247 31
11248 27
11249 27
11250 30
11251 21
11252 21
11253 28
11254 23
11255 21
11256 19
11257 13
11258 13
11259 15
11260 10
11261 6
11262 10
11263 14
11264 26
11265 18
11266 26
11267 22
11268 11
11269 9
11270 9
11271 4
11272 4
11273 3
11274 2
11275 0
11276 5
11277 2
11278 8
11279 4
11280 11
11281 18
11282 1
11283 4
11284 2
11285 4
11286 12
11287 18
11288 11
11289 12
11290 6
11291 7
11292 4
11293 2
11294 3
11295 2
11296 14
11297 17
11298 12
11299 16
11300 17
11301 27
11302 25
11303 28
11304 19
11305 16
11306 16
11307 10
11308 13
11309 17
11310 16
11311 23
11312 18
11313 30
11314 33
11315 26
11316 18
11317 26
11318 21
11319 26
11320 16
11321 25
11322 29
11323 24
11324 34
11325 34
11326 38
11327 33
11328 35
11329 38
11330 21
11331 32
11332 32
11333 26
11334 34
11335 30
11336 37
11337 27
11338 17
11339 37
11340 31
11341 28
11342 32
11343 20
11344 22
11345 20
11346 15
11347 26
11348 21
11349 25
11350 28
11351 23
11352 16
11353 15
11354 21
11355 15
11356 11
11357 18
11358 10
11359 15
11360 12
11361 12
11362 15
11363 13
11364 19
11365 18
11366 11
11367 10
11368 7
11369 8
11370 6
11371 3
11372 0
11373 3
11374 1
11375 2
11376 10
11377 7
11378 6
11379 15
11380 3
11381 1
11382 3
11383 10
11384 9
11385 8
11386 10
11387 8
11388 7
11389 6
11390 6
11391 5
11392 1
11393 4
11394 14
11395 9
11396 7
11397 18
11398 17
11399 27
11400 13
11401 19
11402 9
11403 13
11404 13
11405 13
11406 5
11407 4
11408 20
11409 21
11410 19
11411 22
11412 25
11413 31
11414 23
11415 31
11416 32
11417 36
11418 26
11419 23
11420 23
11421 24
11422 27
11423 27
11424 28
11425 26
11426 29
11427 30
11428 29
11429 30
11430 26
11431 37
11432 38
11433 28
11434 32
11435 37
11436 33
11437 29
11438 21
11439 29
11440 23
11441 18
11442 21
11443 17
11444 27
11445 27
11446 27
11447 24
11448 34
11449 23
11450 21
11451 13
11452 11
11453 20
11454 20
11455 12
11456 10
11457 11
11458 11
11459 16
11460 24
11461 9
11462 13
11463 19
11464 8
11465 10
11466 5
11467 11
11468 6
11469 1
11470 5
11471 2
11472 0
11473 2
11474 4
11475 9
11476 6
11477 9
11478 0
11479 0
11480 3
11481 6
11482 9
11483 8
11484 8
11485 11
11486 13
11487 8
11488 10
11489 3
11490 1
11491 3
11492 11
11493 10
11494 10
11495 16
11496 13
11497 13
11498 13
11499 23
11500 16
11501 26
11502 21
11503 12
11504 11
11505 10
11506 21
11507 12
11508 23
11509 39
11510 18
11511 18
11512 28
11513 41
11514 25
11515 41
11516 22
11517 26
11518 20
11519 18
11520 32
11521 25
11522 33
11523 27
11524 27
11525 32
11526 23
11527 38
11528 40
11529 25
11530 30
11531 27
11532 37
11533 32
11534 27
11535 30
11536 30
11537 20
11538 18
11539 30
11540 21
11541 33
11542 18
11543 23
11544 22
11545 28
11546 33
11547 22
11548 22
11549 18
11550 11
11551 18
11552 20
11553 10
11554 8
11555 11
11556 10
11557 11
11558 14
11559 12
11560 18
11561 17
11562 18
11563 10
11564 9
11565 5
11566 2
11567 3
11568 1
11569 2
11570 1
11571 6
11572 7
11573 13
11574 7
11575 11
11576 1
11577 0
11578 4
11579 4
11580 9
11581 5
11582 2
11583 14
11584 15
11585 6
11586 6
11587 5
11588 0
11589 1
11590 13
11591 14
11592 15
11593 14
11594 15
11595 17
11596 22
11597 20
11598 23
11599 10
11600 13
11601 20
11602 16
11603 12
11604 24
11605 14
11606 15
11607 29
11608 26
11609 31
11610 35
11611 29
11612 19
11613 24
11614 31
11615 24
11616 19
11617 18
11618 24
11619 39
11620 34
11621 39
11622 28
11623 29
11624 34
11625 27
11626 27
11627 31
11628 26
11629 21
11630 28
11631 30
11632 32
11633 36
11634 34
11635 28
11636 34
11637 19
11638 19
11639 16
11640 31
11641 21
11642 20
11643 23
11644 24
11645 24
11646 23
11647 18
11648 17
11649 13
11650 17
11651 14
11652 14
11653 12
11654 16
11655 19
11656 16
11657 21
11658 15
11659 30
11660 11
11661 11
11662 7
11663 5
11664 2
11665 2
11666 2
11667 0
11668 2
11669 4
11670 8
11671 12
11672 13
11673 14
11674 1
11675 4
11676 2
11677 7
11678 9
11679 4
11680 2
11681 16
11682 4
11683 8
11684 6
11685 4
11686 0
11687 1
11688 9
11689 15
11690 15
11691 17
11692 26
11693 18
11694 17
11695 21
11696 20
11697 9
11698 8
11699 15
11700 8
11701 12
11702 15
11703 16
11704 27
11705 20
11706 22
11707 25
11708 27
11709 41
11710 29
11711 36
11712 25
11713 19
11714 22
11715 12
11716 26
11717 30
11718 36
11719 37
11720 38
11721 25
11722 18
11723 31
11724 27
11725 20
11726 32
11727 32
11728 35
11729 32
11730 35
11731 34
11732 30
11733 16
11734 25
11735 20
11736 15
11737 25
11738 16
11739 31
11740 21
11741 29
11742 26
11743 25
11744 8
11745 17
11746 17
11747 10
11748 21
11749 12
11750 13
11751 7
11752 11
11753 15
11754 9
11755 20
11756 18
11757 17
11758 9
11759 7
11760 12
11761 6
11762 1
11763 4
11764 3
11765 2
11766 1
11767 7
11768 10
11769 4
11770 9
11771 5
11772 1
11773 1
11774 1
11775 9
11776 8
11777 4
11778 9
11779 10
11780 10
11781 10
11782 1
11783 1
11784 4
11785 0
11786 14
11787 7
11788 20
11789 17
11790 17
11791 20
11792 23
11793 23
11794 20
11795 16
11796 7
11797 14
11798 9
11799 9
11800 16
11801 19
11802 19
11803 27
11804 31
11805 25
11806 31
11807 27
11808 22
11809 26
11810 37
11811 24
11812 28
11813 21
11814 36
11815 35
11816 36
11817 29
11818 36
11819 28
11820 35
11821 23
11822 44
11823 39
11824 37
11825 30
11826 40
11827 28
11828 25
11829 31
11830 29
11831 22
11832 25
11833 23
11834 19
11835 22
11836 23
11837 27
11838 27
11839 25
11840 22
11841 29
11842 26
11843 26
11844 9
11845 11
11846 11
11847 20
11848 12
11849 14
11850 14
11851 12
11852 22
11853 13
11854 19
11855 21
11856 14
11857 8
11858 11
11859 6
11860 2
11861 3
11862 3
11863 0
11864 2
11865 4
11866 4
11867 8
11868 7
11869 9
11870 1
11871 3
11872 3
11873 11
11874 7
11875 10
11876 10
11877 9
11878 6
11879 5
11880 2
11881 2
11882 0
11883 0
11884 11
11885 13
11886 8
11887 16
11888 14
11889 13
11890 22
11891 21
11892 25
11893 16
11894 16
11895 9
11896 11
11897 7
11898 34
11899 21
11900 19
11901 23
11902 26
11903 20
11904 18
11905 28
11906 35
11907 22
11908 29
11909 20
11910 29
11911 20
11912 31
11913 32
11914 21
11915 36
11916 28
11917 25
11918 27
11919 24
11920 31
11921 30
11922 31
11923 31
11924 33
11925 20
11926 30
11927 26
11928 18
11929 25
11930 25
11931 17
11932 21
11933 21
11934 20
11935 27
11936 22
11937 24
11938 35
11939 28
11940 20
11941 23
11942 12
11943 13
11944 16
11945 17
11946 15
11947 12
11948 14
11949 18
11950 18
11951 11
11952 13
11953 24
11954 6
11955 10
11956 4
11957 7
11958 5
11959 5
11960 3
11961 2
11962 0
11963 2
11964 8
11965 10
11966 7
11967 7
11968 2
11969 1
11970 1
11971 7
11972 7
11973 15
11974 6
11975 12
11976 7
11977 4
11978 7
11979 4
11980 4
11981 2
11982 11
11983 4
11984 19
11985 20
11986 18
11987 20
11988 20
11989 20
11990 14
11991 20
11992 23
11993 15
11994 9
11995 16
11996 24
11997 21
11998 33
11999 35
12000 24
12001 25
12002 30
12003 27
12004 28
12005 32
12006 17
12007 19
12008 29
12009 22
12010 32
12011 31
12012 43
12013 34
12014 23
12015 30
12016 29
12017 27
12018 26
12019 42
12020 33
12021 29
12022 37
12023 32
12024 34
12025 24
12026 24
12027 34
12028 22
12029 28
12030 20
12031 21
12032 23
12033 28
12034 27
12035 32
12036 27
12037 36
12038 18
12039 25
12040 26
12041 17
12042 9
12043 10
12044 15
12045 7
12046 14
12047 14
12048 12
12049 17
12050 18
12051 23
12052 10
12053 7
12054 6
12055 6
12056 3
12057 4
12058 2
12059 4
12060 2
12061 5
12062 9
12063 6
12064 9
12065 9
12066 2
12067 1
12068 2
12069 6
12070 15
12071 6
12072 10
12073 15
12074 0
12075 3
12076 7
12077 0
12078 0
12079 2
12080 13
12081 6
12082 8
12083 16
12084 15
12085 23
12086 12
12087 27
12088 5
12089 13
12090 15
12091 11
12092 12
12093 10
12094 14
12095 13
12096 22
12097 27
12098 21
12099 27
12100 19
12101 30
12102 28
12103 28
12104 29
12105 28
12106 18
12107 26
12108 31
12109 25
12110 29
12111 27
12112 26
12113 34
12114 38
12115 39
12116 24
12117 34
12118 24
12119 36
12120 32
12121 27
12122 18
12123 26
12124 18
12125 18
12126 19
12127 29
12128 19
12129 12
12130 20
12131 23
12132 27
12133 23
12134 23
12135 25
12136 21
12137 8
12138 12
12139 17
12140 10
12141 10
12142 17
12143 11
12144 7
12145 12
12146 17
12147 17
12148 19
12149 18
12150 9
12151 9
12152 14
12153 3
12154 3
12155 7
12156 4
12157 1
12158 1
12159 4
12160 3
12161 7
12162 8
12163 9
12164 1
12165 1
12166 6
12167 5
12168 4
12169 9
12170 10
12171 13
12172 7
12173 9
12174 4
12175 0
12176 2
12177 1
12178 16
12179 13
12180 13
12181 19
12182 15
12183 22
12184 19
12185 23
12186 18
12187 16
12188 19
12189 16
12190 14
12191 13
12192 20
12193 15
12194 28
12195 25
12196 27
12197 28
12198 30
12199 30
12200 31
12201 32
12202 30
12203 27
12204 26
12205 18
12206 42
12207 28
12208 25
12209 41
12210 34
12211 33
12212 28
12213 29
12214 33
12215 39
12216 33
12217 35
12218 32
12219 35
12220 26
12221 36
12222 21
12223 28
12224 32
12225 28
12226 27
12227 27
12228 21
12229 25
12230 35
12231 32
12232 29
12233 36
12234 20
12235 17
12236 19
12237 15
12238 13
12239 17
12240 10
12241 13
12242 17
12243 10
12244 9
12245 17
12246 13
12247 15
12248 9
12249 10
12250 8
12251 9
12252 5
12253 5
12254 1
12255 1
12256 1
12257 2
12258 6
12259 7
12260 10
12261 13
12262 1
12263 0
12264 3
12265 5
12266 4
12267 14
12268 15
12269 13
12270 10
12271 10
12272 6
12273 6
12274 2
12275 4
12276 9
12277 13
12278 8
12279 17
12280 22
12281 20
12282 17
12283 17
12284 13
12285 24
12286 16
12287 17
12288 9
12289 17
12290 11
12291 15
12292 27
12293 21
12294 26
12295 37
12296 24
12297 33
12298 24
12299 27
12300 29
12301 30
12302 23
12303 19
12304 22
12305 24
12306 19
12307 30
12308 30
12309 24
12310 28
12311 27
12312 28
12313 25
12314 24
12315 30
12316 26
12317 35
12318 33
12319 19
12320 25
12321 30
12322 21
12323 20
12324 19
12325 21
12326 19
12327 31
12328 16
12329 17
12330 23
12331 24
12332 23
12333 9
12334 12
12335 11
12336 23
12337 16
12338 20
12339 10
12340 16
12341 12
12342 16
12343 16
12344 11
12345 19
12346 9
12347 9
12348 12
12349 12
12350 1
12351 4
12352 1
12353 1
12354 1
12355 3
12356 7
12357 10
12358 14
12359 8
12360 3
12361 2
12362 3
12363 5
12364 6
12365 9
12366 12
12367 8
12368 12
12369 3
12370 5
12371 4
12372 4
12373 2
12374 12
12375 10
12376 14
12377 11
12378 20
12379 17
12380 14
12381 16
12382 26
12383 17
12384 0
12385 15
12386 10
12387 18
12388 20
12389 16
12390 23
12391 25
12392 26
12393 33
12394 19
12395 28
12396 24
12397 30
12398 26
12399 20
12400 23
12401 20
12402 37
12403 41
12404 33
12405 31
12406 24
12407 40
12408 31
12409 30
12410 24
12411 37
12412 33
12413 30
12414 33
12415 34
12416 33
12417 29
12418 24
12419 20
12420 25
12421 20
12422 15
12423 13
12424 22
12425 25
12426 18
12427 27
12428 47
12429 30
12430 20
12431 27
12432 12
12433 15
12434 11
12435 13
12436 9
12437 13
12438 17
12439 14
12440 20
12441 11
12442 19
12443 28
12444 13
12445 6
12446 8
12447 5
12448 3
12449 3
12450 4
12451 1
12452 2
12453 3
12454 8
12455 9
12456 8
12457 11
12458 2
12459 6
12460 5
12461 0
12462 8
12463 10
12464 6
12465 9
12466 7
12467 7
12468 12
12469 3
12470 1
12471 1
12472 4
12473 12
12474 11
12475 12
12476 17
12477 10
12478 22
12479 12
12480 15
12481 12
12482 11
12483 17
12484 13
12485 10
12486 21
12487 19
12488 19
12489 33
12490 28
12491 22
12492 23
12493 27
12494 16
12495 29
12496 18
12497 11
12498 23
12499 25
12500 36
12501 31
12502 0
12503 28
12504 27
12505 27
12506 30
12507 0
12508 0
12509 0
12510 0
12511 0
12512 0
12513 0
12514 22
12515 19
12516 14
12517 23
12518 13
12519 11
12520 22
12521 17
12522 16
12523 29
12524 21
12525 20
12526 23
12527 31
12528 11
12529 12
12530 9
12531 11
12532 10
12533 9
12534 9
12535 8
12536 11
12537 7
12538 17
12539 15
12540 18
12541 15
12542 7
12543 4
12544 6
12545 1
12546 3
12547 3
12548 4
12549 1
12550 4
12551 2
12552 8
12553 8
12554 8
12555 14
12556 0
12557 1
12558 1
12559 6
12560 7
12561 10
12562 10
12563 9
12564 10
12565 4
12566 6
12567 4
12568 1
12569 1
12570 8
12571 13
12572 13
12573 10
12574 14
12575 14
12576 14
12577 15
12578 18
12579 20
12580 9
12581 4
12582 10
12583 3
12584 18
12585 17
12586 19
12587 23
12588 28
12589 25
12590 33
12591 24
12592 23
12593 17
12594 19
12595 21
12596 19
12597 8
12598 24
12599 25
12600 26
12601 33
12602 20
12603 22
12604 25
12605 24
12606 24
12607 25
12608 27
12609 28
12610 20
12611 19
12612 28
12613 29
12614 23
12615 21
12616 23
12617 24
12618 12
12619 17
12620 11
12621 20
12622 11
12623 30
12624 27
12625 31
12626 25
12627 14
12628 17
12629 18
12630 9
12631 15
12632 10
12633 10
12634 19
12635 14
12636 13
12637 11
12638 20
12639 15
12640 14
12641 7
12642 5
12643 6
12644 1
12645 3
12646 1
12647 3
12648 2
12649 4
12650 3
12651 6
12652 4
12653 10
12654 0
12655 3
12656 3
12657 2
12658 6
12659 13
12660 11
12661 14
12662 2
12663 5
12664 7
12665 3
12666 1
12667 2
12668 5
12669 10
12670 11
12671 15
12672 6
12673 20
12674 11
12675 18
12676 13
12677 9
12678 12
12679 10
12680 7
12681 5
12682 20
12683 25
12684 23
12685 21
12686 19
12687 20
12688 25
12689 29
12690 37
12691 23
12692 23
12693 19
12694 14
12695 14
12696 33
12697 30
12698 27
12699 25
12700 25
12701 28
12702 35
12703 28
12704 31
12705 24
12706 24
12707 36
12708 25
12709 24
12710 23
12711 30
12712 21
12713 22
12714 11
12715 19
12716 23
12717 18
12718 17
12719 29
12720 18
12721 18
12722 26
12723 21
12724 11
12725 14
12726 9
12727 8
12728 11
12729 3
12730 11
12731 9
12732 7
12733 9
12734 16
12735 15
12736 23
12737 23
12738 8
12739 9
12740 7
12741 9
12742 8
12743 6
12744 6
12745 5
12746 2
12747 0
12748 5
12749 5
12750 6
12751 9
12752 0
12753 4
12754 2
12755 5
12756 7
12757 7
12758 8
12759 16
12760 7
12761 5
12762 3
12763 2
12764 0
12765 1
12766 13
12767 9
12768 16
12769 16
12770 17
12771 12
12772 21
12773 17
12774 19
12775 19
12776 15
12777 15
12778 9
12779 8
12780 18
12781 23
12782 23
12783 24
12784 24
12785 28
12786 37
12787 37
12788 25
12789 26
12790 27
12791 22
12792 23
12793 20
12794 36
12795 31
12796 36
12797 28
12798 32
12799 27
12800 30
12801 25
12802 35
12803 29
12804 20
12805 27
12806 14
12807 30
12808 39
12809 29
12810 17
12811 27
12812 21
12813 22
12814 18
12815 24
12816 17
12817 30
12818 22
12819 22
12820 29
12821 27
12822 16
12823 17
12824 10
12825 14
12826 12
12827 13
12828 7
12829 14
12830 11
12831 24
12832 18
12833 18
12834 18
12835 15
12836 7
12837 8
12838 13
12839 10
12840 1
12841 4
12842 4
12843 6
12844 4
12845 4
12846 9
12847 5
12848 11
12849 10
12850 1
12851 2
12852 4
12853 7
12854 10
12855 0
12856 10
12857 12
12858 8
12859 5
12860 5
12861 4
12862 3
12863 4
12864 12
12865 7
12866 9
12867 13
12868 15
12869 13
12870 22
12871 0
12872 0
12873 0
12874 0
12875 0
12876 0
12877 0
12878 19
12879 21
12880 24
12881 26
12882 21
12883 30
12884 26
12885 16
12886 27
12887 33
12888 30
12889 27
12890 19
12891 18
12892 20
12893 18
12894 25
12895 27
12896 29
12897 29
12898 26
12899 34
12900 39
12901 29
12902 26
12903 20
12904 26
12905 32
12906 22
12907 26
12908 15
12909 26
12910 24
12911 15
12912 14
12913 25
12914 18
12915 22
12916 19
12917 29
12918 18
12919 27
12920 20
12921 24
12922 19
12923 17
12924 11
12925 9
12926 13
12927 11
12928 14
12929 20
12930 11
12931 18
12932 19
12933 17
12934 10
12935 9
12936 2
12937 5
12938 6
12939 2
12940 1
12941 2
12942 2
12943 7
12944 8
12945 16
12946 7
12947 16
12948 0
12949 0
12950 0
12951 2
12952 6
12953 8
12954 7
12955 15
12956 15
12957 5
12958 4
12959 3
12960 4
12961 0
12962 5
12963 13
12964 14
12965 14
12966 16
12967 20
12968 15
12969 20
12970 21
12971 18
12972 16
12973 8
12974 15
12975 18
12976 16
12977 23
12978 27
12979 23
12980 28
12981 24
12982 30
12983 24
12984 19
12985 23
12986 29
12987 34
12988 27
12989 22
12990 24
12991 27
12992 34
12993 29
12994 27
12995 28
12996 32
12997 26
12998 27
12999 34
13000 32
13001 36
13002 21
13003 42
13004 34
13005 30
13006 23
13007 29
13008 27
13009 21
13010 20
13011 26
13012 18
13013 20
13014 24
13015 25
13016 23
13017 29
13018 23
13019 16
13020 14
13021 14
13022 14
13023 16
13024 8
13025 8
13026 12
13027 21
13028 10
13029 18
13030 18
13031 21
13032 5
13033 10
13034 4
13035 9
13036 3
13037 5
13038 0
13039 4
13040 3
13041 5
13042 10
13043 5
13044 11
13045 13
13046 2
13047 3
13048 2
13049 6
13050 5
13051 4
13052 5
13053 14
13054 4
13055 8
13056 6
13057 3
13058 3
13059 1
13060 8
13061 11
13062 14
13063 22
13064 13
13065 18
13066 17
13067 25
13068 26
13069 15
13070 18
13071 10
13072 11
13073 11
13074 18
13075 13
13076 22
13077 20
13078 25
13079 20
13080 20
13081 33
13082 30
13083 25
13084 27
13085 25
13086 18
13087 21
13088 24
13089 26
13090 43
13091 24
13092 33
13093 27
13094 27
13095 29
13096 23
13097 24
13098 32
13099 31
13100 34
13101 20
13102 19
13103 28
13104 32
13105 28
13106 19
13107 25
13108 17
13109 22
13110 12
13111 24
13112 33
13113 28
13114 19
13115 37
13116 19
13117 20
13118 14
13119 12
13120 14
13121 9
13122 15
13123 11
13124 14
13125 9
13126 12
13127 21
13128 15
13129 19
13130 11
13131 8
13132 5
13133 8
13134 3
13135 1
13136 1
13137 3
13138 3
13139 4
13140 7
13141 12
13142 11
13143 6
13144 2
13145 2
13146 5
13147 3
13148 8
13149 12
13150 9
13151 12
13152 11
13153 4
13154 3
13155 1
13156 3
13157 1
13158 16
13159 11
13160 15
13161 14
13162 16
13163 21
13164 23
13165 18
13166 29
13167 20
13168 14
13169 8
13170 15
13171 10
13172 20
13173 24
13174 14
13175 27
13176 25
13177 29
13178 22
13179 38
13180 22
13181 21
13182 24
13183 22
13184 29
13185 18
13186 21
13187 38
13188 23
13189 31
13190 26
13191 25
13192 27
13193 25
13194 37
13195 40
13196 38
13197 32
13198 28
13199 23
13200 23
13201 27
13202 25
13203 21
13204 19
13205 13
13206 21
13207 18
13208 20
13209 26
13210 21
13211 29
13212 22
13213 28
13214 24
13215 15
13216 18
13217 13
13218 15
13219 13
13220 10
13221 13
13222 22
13223 17
13224 11
13225 19
13226 20
13227 25
13228 18
13229 5
13230 2
13231 1
13232 5
13233 2
13234 0
13235 2
13236 2
13237 3
13238 6
13239 10
13240 6
13241 12
13242 1
13243 1
13244 5
13245 8
13246 3
13247 8
13248 8
13249 4
13250 14
13251 8
13252 10
13253 3
13254 1
13255 1
13256 8
13257 12
13258 13
13259 20
13260 10
13261 13
13262 26
13263 22
13264 16
13265 11
13266 11
13267 7
13268 13
13269 7
13270 13
13271 24
13272 21
13273 24
13274 25
13275 24
13276 14
13277 27
13278 20
13279 21
13280 25
13281 24
13282 17
13283 28
13284 32
13285 30
13286 27
13287 33
13288 31
13289 28
13290 43
13291 36
13292 35
13293 28
13294 41
13295 31
13296 26
13297 25
13298 32
13299 27
13300 21
13301 21
13302 24
13303 22
13304 23
13305 15
13306 15
13307 25
13308 20
13309 26
13310 26
13311 24
13312 12
13313 17
13314 15
13315 11
13316 9
13317 9
13318 18
13319 11
13320 14
13321 13
13322 13
13323 25
13324 17
13325 26
13326 10
13327 1
13328 8
13329 7
13330 2
13331 3
13332 3
13333 2
13334 4
13335 2
13336 5
13337 6
13338 13
13339 10
13340 1
13341 3
13342 2
13343 3
13344 4
13345 14
13346 13
13347 6
13348 6
13349 4
13350 8
13351 2
13352 3
13353 4
13354 10
13355 12
13356 19
13357 18
13358 13
13359 21
13360 18
13361 19
13362 9
13363 17
13364 15
13365 21
13366 18
13367 15
13368 20
13369 16
13370 26
13371 27
13372 26
13373 18
13374 25
13375 25
13376 26
13377 31
13378 23
13379 20
13380 25
13381 25
13382 38
13383 33
13384 35
13385 39
13386 41
13387 38
13388 31
13389 25
13390 31
13391 31
13392 31
13393 35
13394 32
13395 31
13396 29
13397 33
13398 36
13399 34
13400 22
13401 28
13402 16
13403 20
13404 29
13405 27
13406 21
13407 31
13408 28
13409 35
13410 16
13411 14
13412 19
13413 10
13414 20
13415 20
13416 10
13417 11
13418 14
13419 16
13420 10
13421 19
13422 21
13423 26
13424 23
13425 9
13426 13
13427 8
13428 4
13429 1
13430 0
13431 2
13432 5
13433 6
13434 9
13435 7
13436 10
13437 7
13438 2
13439 2
13440 5
13441 8
13442 7
13443 16
13444 12
13445 14
13446 3
13447 0
13448 2
13449 5
13450 2
13451 1
13452 12
13453 9
13454 15
13455 16
13456 23
13457 13
13458 15
13459 15
13460 14
13461 11
13462 14
13463 12
13464 10
13465 13
13466 30
13467 25
13468 25
13469 25
13470 23
13471 30
13472 23
13473 29
13474 21
13475 20
13476 22
13477 24
13478 24
13479 18
13480 32
13481 38
13482 28
13483 38
13484 32
13485 23
13486 26
13487 21
13488 29
13489 22
13490 27
13491 33
13492 24
13493 21
13494 32
13495 32
13496 28
13497 31
13498 29
13499 0
13500 31
13501 16
13502 24
13503 16
13504 18
13505 20
13506 29
13507 30
13508 15
13509 14
13510 17
13511 21
13512 10
13513 18
13514 11
13515 7
13516 9
13517 19
13518 19
13519 13
13520 25
13521 14
13522 9
13523 10
13524 10
13525 17
13526 5
13527 3
13528 4
13529 2
13530 1
13531 1
13532 3
13533 3
13534 7
13535 13
13536 0
13537 2
13538 3
13539 4
13540 4
13541 11
13542 8
13543 11
13544 12
13545 5
13546 5
13547 3
13548 1
13549 2
13550 5
13551 14
13552 4
13553 15
13554 0
13555 24
13556 16
13557 11
13558 17
13559 17
13560 17
13561 14
13562 13
13563 10
13564 15
13565 18
13566 25
13567 23
13568 26
13569 17
13570 22
13571 37
13572 26
13573 24
13574 22
13575 22
13576 19
13577 29
13578 36
13579 25
13580 25
13581 31
13582 34
13583 28
13584 29
13585 38
13586 28
13587 34
13588 27
13589 32
13590 27
13591 22
13592 17
13593 31
13594 31
13595 22
13596 23
13597 21
13598 21
13599 0
13600 0
13601 0
13602 0
13603 0
13604 0
13605 0
13606 22
13607 25
13608 14
13609 19
13610 22
13611 16
13612 17
13613 15
13614 14
13615 13
13616 16
13617 25
13618 20
13619 19
13620 12
13621 9
13622 5
13623 12
13624 3
13625 9
13626 1
13627 1
13628 2
13629 11
13630 6
13631 7
13632 17
13633 8
13634 2
13635 1
13636 7
13637 6
13638 6
13639 17
13640 8
13641 8
13642 11
13643 5
13644 6
13645 2
13646 0
13647 1
13648 18
13649 20
13650 9
13651 12
13652 10
13653 16
13654 16
13655 24
13656 15
13657 24
13658 15
13659 13
13660 9
13661 7
13662 18
13663 24
13664 19
13665 24
13666 32
13667 28
13668 30
13669 27
13670 23
13671 25
13672 27
13673 32
13674 19
13675 22
13676 17
13677 30
13678 28
13679 29
13680 28
13681 26
13682 26
13683 37
13684 32
13685 32
13686 30
13687 32
13688 30
13689 27
13690 14
13691 27
13692 18
13693 20
13694 20
13695 30
13696 20
13697 18
13698 18
13699 34
13700 27
13701 20
13702 36
13703 37
13704 17
13705 15
13706 13
13707 11
13708 14
13709 6
13710 11
13711 13
13712 13
13713 14
13714 27
13715 24
13716 20
13717 21
13718 13
13719 8
13720 10
13721 9
13722 5
13723 5
13724 0
13725 1
13726 2
13727 2
13728 10
13729 4
13730 12
13731 11
13732 4
13733 0
13734 0
13735 3
13736 4
13737 12
13738 11
13739 12
13740 12
13741 5
13742 5
13743 0
13744 2
13745 0
13746 17
13747 21
13748 7
13749 14
13750 14
13751 20
13752 17
13753 23
13754 25
13755 11
13756 12
13757 16
13758 10
13759 14
13760 14
13761 18
13762 26
13763 31
13764 17
13765 29
13766 22
13767 25
13768 32
13769 14
13770 26
13771 22
13772 26
13773 26
13774 32
13775 41
13776 33
13777 32
13778 23
13779 28
13780 36
13781 21
13782 30
13783 25
13784 23
13785 39
13786 25
13787 20
13788 35
13789 30
13790 23
13791 21
13792 31
13793 23
13794 18
13795 17
13796 21
13797 26
13798 21
13799 29
13800 26
13801 25
13802 14
13803 16
13804 16
13805 21
13806 12
13807 14
13808 13
13809 14
13810 20
13811 19
13812 14
13813 20
13814 22
13815 26
13816 9
13817 8
13818 5
13819 5
13820 7
13821 2
13822 1
13823 2
13824 6
13825 2
13826 7
13827 9
13828 8
13829 8
13830 4
13831 5
13832 3
13833 2
13834 7
13835 9
13836 15
13837 7
13838 13
13839 10
13840 2
13841 2
13842 1
13843 0
13844 7
13845 13
13846 10
13847 15
13848 13
13849 22
13850 21
13851 22
13852 21
13853 20
13854 17
13855 11
13856 17
13857 10
13858 18
13859 23
13860 22
13861 16
13862 21
13863 19
13864 28
13865 24
13866 32
13867 30
13868 22
13869 22
13870 31
13871 25
13872 35
13873 30
13874 29
13875 28
13876 22
13877 28
13878 27
13879 18
13880 18
13881 35
13882 36
13883 25
13884 26
13885 30
13886 32
13887 14
13888 22
13889 29
13890 18
13891 21
13892 24
13893 17
13894 15
13895 28
13896 18
13897 24
13898 23
13899 35
13900 12
13901 16
13902 16
13903 16
13904 17
13905 13
13906 16
13907 11
13908 13
13909 15
13910 12
13911 16
13912 11
13913 27
13914 8
13915 13
13916 9
13917 6
13918 4
13919 2
13920 2
13921 1
13922 3
13923 4
13924 6
13925 8
13926 12
13927 6
13928 2
13929 0
13930 6
13931 4
13932 9
13933 13
13934 9
13935 12
13936 12
13937 8
13938 6
13939 3
13940 3
13941 3
13942 14
13943 13
13944 21
13945 13
13946 10
13947 14
13948 14
13949 15
13950 22
13951 17
13952 18
13953 18
13954 14
13955 13
13956 17
13957 19
13958 16
13959 24
13960 21
13961 18
13962 31
13963 28
13964 29
13965 40
13966 33
13967 22
13968 27
13969 14
13970 38
13971 33
13972 33
13973 33
13974 32
13975 37
13976 30
13977 30
13978 33
13979 40
13980 20
13981 28
13982 37
13983 30
13984 34
13985 25
13986 33
13987 25
13988 23
13989 11
13990 24
13991 23
13992 28
13993 19
13994 24
13995 33
13996 28
13997 20
13998 29
13999 12
14000 23
14001 17
14002 8
14003 12
14004 13
14005 16
14006 11
14007 12
14008 22
14009 21
14010 21
14011 18
14012 14
14013 8
14014 9
14015 4
14016 1
14017 0
14018 2
14019 3
14020 3
14021 3
14022 4
14023 3
14024 10
14025 12
14026 1
14027 2
14028 4
14029 6
14030 7
14031 8
14032 13
14033 9
14034 5
14035 6
14036 9
14037 3
14038 4
14039 0
14040 12
14041 9
14042 17
14043 18
14044 14
14045 29
14046 28
14047 19
14048 23
14049 17
14050 10
14051 9
14052 18
14053 10
14054 16
14055 18
14056 19
14057 21
14058 20
14059 30
14060 24
14061 37
14062 27
14063 22
14064 34
14065 18
14066 17
14067 16
14068 27
14069 36
14070 29
14071 25
14072 33
14073 28
14074 21
14075 25
14076 31
14077 35
14078 29
14079 25
14080 35
14081 36
14082 33
14083 32
14084 27
14085 30
14086 27
14087 22
14088 21
14089 25
14090 22
14091 25
14092 16
14093 27
14094 18
14095 30
14096 14
14097 19
14098 16
14099 16
14100 14
14101 9
14102 12
14103 10
14104 7
14105 9
14106 14
14107 18
14108 21
14109 25
14110 9
14111 12
14112 4
14113 4
14114 7
14115 3
14116 5
14117 0
14118 3
14119 5
14120 7
14121 4
14122 5
14123 10
14124 2
14125 2
14126 3
14127 4
14128 5
14129 13
14130 6
14131 10
14132 11
14133 12
14134 6
14135 4
14136 3
14137 1
14138 10
14139 18
14140 12
14141 17
14142 21
14143 17
14144 24
14145 21
14146 18
14147 23
14148 8
14149 14
14150 11
14151 12
14152 30
14153 18
14154 19
14155 34
14156 25
14157 17
14158 31
14159 30
14160 28
14161 16
14162 27
14163 29
14164 18
14165 14
14166 28
14167 33
14168 31
14169 23
14170 26
14171 43
14172 32
14173 31
14174 29
14175 30
14176 30
14177 29
14178 44
14179 29
14180 22
14181 37
14182 20
14183 28
14184 22
14185 26
14186 21
14187 24
14188 28
14189 28
14190 27
14191 28
14192 26
14193 27
14194 26
14195 19
14196 11
14197 13
14198 20
14199 20
14200 16
14201 9
14202 13
14203 15
14204 13
14205 15
14206 22
14207 20
14208 8
14209 10
14210 11
14211 9
14212 4
14213 4
14214 1
14215 1
14216 3
14217 1
14218 6
14219 6
14220 12
14221 9
14222 3
14223 4
14224 4
14225 3
14226 4
14227 8
14228 10
14229 7
14230 10
14231 11
14232 6
14233 2
14234 2
14235 2
14236 13
14237 6
14238 13
14239 16
14240 22
14241 15
14242 18
14243 22
14244 1
14245 0
14246 0
14247 0
14248 0
14249 0
14250 17
14251 29
14252 23
14253 23
14254 20
14255 21
14256 35
14257 34
14258 26
14259 31
14260 16
14261 22
14262 14
14263 15
14264 31
14265 35
14266 27
14267 24
14268 29
14269 25
14270 25
14271 24
14272 29
14273 33
14274 41
14275 25
14276 26
14277 30
14278 29
14279 28
14280 23
14281 18
14282 28
14283 23
14284 21
14285 19
14286 17
14287 26
14288 26
14289 20
14290 29
14291 31
14292 23
14293 25
14294 16
14295 15
14296 8
14297 11
14298 14
14299 11
14300 13
14301 25
14302 20
14303 14
14304 14
14305 17
14306 9
14307 10
14308 8
14309 8
14310 4
14311 5
14312 3
14313 4
14314 2
14315 1
14316 8
14317 4
14318 9
14319 11
14320 3
14321 3
14322 2
14323 8
14324 7
14325 5
14326 16
14327 14
14328 8
14329 8
14330 7
14331 1
14332 0
14333 0
14334 7
14335 18
14336 18
14337 13
14338 12
14339 22
14340 26
14341 23
14342 21
14343 16
14344 15
14345 12
14346 8
14347 7
14348 21
14349 17
14350 22
14351 20
14352 22
14353 21
14354 23
14355 19
14356 25
14357 20
14358 21
14359 16
14360 32
14361 25
14362 27
14363 27
14364 37
14365 34
14366 22
14367 34
14368 23
14369 33
14370 31
14371 23
14372 31
14373 25
14374 31
14375 36
14376 35
14377 17
14378 27
14379 29
14380 19
14381 25
14382 23
14383 20
14384 19
14385 21
14386 26
14387 14
14388 30
14389 27
14390 18
14391 14
14392 16
14393 22
14394 12
14395 18
14396 13
14397 20
14398 16
14399 8
14400 11
14401 15
14402 27
14403 10
14404 11
14405 12
14406 11
14407 6
14408 6
14409 4
14410 2
14411 1
14412 6
14413 3
14414 11
14415 8
14416 10
14417 11
14418 3
14419 1
14420 3
14421 4
14422 9
14423 14
14424 13
14425 13
14426 7
14427 12
14428 7
14429 3
14430 1
14431 3
14432 15
14433 11
14434 12
14435 9
14436 18
14437 16
14438 19
14439 12
14440 15
14441 14
14442 23
14443 15
14444 15
14445 20
14446 17
14447 19
14448 21
14449 24
14450 24
14451 35
14452 30
14453 23
14454 32
14455 21
14456 33
14457 26
14458 20
14459 19
14460 21
14461 31
14462 32
14463 26
14464 20
14465 28
14466 28
14467 31
14468 33
14469 27
14470 25
14471 39
14472 29
14473 29
14474 25
14475 35
14476 31
14477 19
14478 24
14479 26
14480 22
14481 20
14482 22
14483 20
14484 30
14485 18
14486 15
14487 30
14488 19
14489 18
14490 16
14491 24
14492 19
14493 10
14494 11
14495 15
14496 16
14497 9
14498 12
14499 16
14500 23
14501 16
14502 8
14503 12
14504 7
14505 5
14506 4
14507 6
14508 0
14509 3
14510 5
14511 5
14512 9
14513 8
14514 9
14515 8
14516 2
14517 1
14518 4
14519 6
14520 6
14521 6
14522 6
14523 8
14524 12
14525 3
14526 10
14527 5
14528 2
14529 0
14530 9
14531 10
14532 11
14533 10
14534 13
14535 20
14536 16
14537 14
14538 24
14539 18
14540 8
14541 17
14542 11
14543 9
14544 25
14545 28
14546 19
14547 21
14548 11
14549 31
14550 28
14551 30
14552 19
14553 24
14554 26
14555 21
14556 27
14557 18
14558 32
14559 38
14560 37
14561 22
14562 38
14563 28
14564 32
14565 32
14566 20
14567 33
14568 28
14569 31
14570 38
14571 36
14572 29
14573 26
14574 19
14575 27
14576 23
14577 30
14578 25
14579 30
14580 19
14581 19
14582 18
14583 20
14584 26
14585 29
14586 12
14587 20
14588 13
14589 15
14590 17
14591 16
14592 13
14593 7
14594 10
14595 17
14596 17
14597 16
14598 24
14599 24
14600 18
14601 8
14602 10
14603 8
14604 3
14605 5
14606 3
14607 1
14608 4
14609 6
14610 6
14611 5
14612 14
14613 12
14614 1
14615 5
14616 1
14617 5
14618 3
14619 8
14620 8
14621 7
14622 8
14623 9
14624 6
14625 4
14626 0
14627 1
14628 8
14629 13
14630 1
14631 9
14632 15
14633 18
14634 13
14635 12
14636 19
14637 19
14638 11
14639 11
14640 7
14641 10
14642 15
14643 25
14644 12
14645 28
14646 23
14647 21
14648 29
14649 24
14650 20
14651 33
14652 23
14653 19
14654 17
14655 16
14656 27
14657 23
14658 24
14659 23
14660 27
14661 25
14662 26
14663 21
14664 28
14665 25
14666 14
14667 26
14668 21
14669 29
14670 25
14671 20
14672 23
14673 24
14674 30
14675 22
14676 24
14677 25
14678 22
14679 21
14680 18
14681 26
14682 26
14683 26
14684 15
14685 9
14686 16
14687 17
14688 10
14689 15
14690 17
14691 13
14692 14
14693 13
14694 20
14695 18
14696 19
14697 16
14698 8
14699 14
14700 7
14701 9
14702 1
14703 3
14704 2
14705 2
14706 2
14707 5
14708 6
14709 8
14710 8
14711 9
14712 2
14713 1
14714 4
14715 6
14716 5
14717 5
14718 3
14719 4
14720 5
14721 6
14722 6
14723 9
14724 7
14725 2
14726 14
14727 6
14728 10
14729 6
14730 8
14731 9
14732 15
14733 8
14734 13
14735 19
14736 14
14737 12
14738 9
14739 9
14740 24
14741 13
14742 15
14743 13
14744 13
14745 24
14746 19
14747 17
14748 19
14749 12
14750 20
14751 10
14752 20
14753 16
14754 20
14755 19
14756 13
14757 27
14758 22
14759 19
14760 20
14761 18
14762 25
14763 19
14764 19
14765 19
14766 17
14767 15
14768 27
14769 17
14770 24
14771 18
14772 20
14773 17
14774 13
14775 14
14776 19
14777 21
14778 15
14779 17
14780 21
14781 22
14782 15
14783 20
14784 11
14785 11
14786 11
14787 8
14788 11
14789 16
14790 17
14791 12
14792 19
14793 17
14794 9
14795 16
14796 9
14797 13
14798 8
14799 5
14800 4
14801 5
14802 2
14803 7
14804 5
14805 7
14806 6
14807 6
14808 7
14809 12
14810 2
14811 5
14812 3
14813 4
14814 4
14815 5
14816 3
14817 5
14818 12
14819 6
14820 12
14821 3
14822 3
14823 1
14824 10
14825 12
14826 19
14827 5
14828 15
14829 13
14830 14
14831 12
14832 15
14833 7
14834 10
14835 10
14836 12
14837 11
14838 20
14839 21
14840 22
14841 16
14842 13
14843 19
14844 21
14845 15
14846 19
14847 19
14848 19
14849 11
14850 18
14851 11
14852 13
14853 19
14854 20
14855 22
14856 22
14857 20
14858 23
14859 15
14860 20
14861 18
14862 17
14863 12
14864 21
14865 16
14866 23
14867 22
14868 13
14869 24
14870 13
14871 20
14872 16
14873 8
14874 14
14875 20
14876 17
14877 13
14878 16
14879 20
14880 18
14881 13
14882 7
14883 15
14884 15
14885 15
14886 10
14887 11
14888 13
14889 5
14890 10
14891 15
14892 9
14893 9
14894 8
14895 12
14896 5
14897 7
14898 6
14899 5
14900 1
14901 2
14902 6
14903 2
14904 8
14905 16
14906 5
14907 8
14908 5
14909 5
14910 6
14911 7
14912 6
14913 10
14914 9
14915 8
14916 7
14917 5
14918 4
14919 6
14920 4
14921 2
14922 7
14923 12
14924 14
14925 14
14926 17
14927 17
14928 13
14929 16
14930 22
14931 20
14932 11
14933 15
14934 7
14935 11
14936 15
14937 21
14938 13
14939 23
14940 22
14941 33
14942 24
14943 31
14944 26
14945 14
14946 26
14947 15
14948 22
14949 15
14950 30
14951 23
14952 26
14953 18
14954 27
14955 23
14956 20
14957 30
14958 20
14959 28
14960 32
14961 20
14962 22
14963 20
14964 23
14965 22
14966 20
14967 21
14968 21
14969 18
14970 25
14971 16
14972 18
14973 30
14974 16
14975 17
14976 20
14977 13
14978 16
14979 15
14980 16
14981 15
14982 14
14983 8
14984 10
14985 10
14986 12
14987 9
14988 19
14989 14
14990 14
14991 19
14992 3
14993 8
14994 11
14995 3
14996 8
14997 6
14998 9
14999 3
15000 5
15001 6
15002 6
15003 7
15004 5
15005 6
15006 4
15007 6
15008 7
15009 3
15010 8
15011 10
15012 6
15013 9
15014 8
15015 5
15016 9
15017 4
15018 7
15019 6
15020 14
15021 14
15022 12
15023 11
15024 14
15025 11
15026 18
15027 13
15028 12
15029 13
15030 13
15031 12
15032 15
15033 4
15034 14
15035 19
15036 14
15037 24
15038 21
15039 24
15040 14
15041 17
15042 23
15043 23
15044 25
15045 20
15046 20
15047 19
15048 20
15049 27
15050 24
15051 22
15052 14
15053 28
15054 24
15055 32
15056 19
15057 23
15058 27
15059 24
15060 23
15061 25
15062 11
15063 19
15064 23
15065 19
15066 13
15067 11
15068 22
15069 13
15070 26
15071 16
15072 15
15073 19
15074 16
15075 14
15076 17
15077 12
15078 16
15079 15
15080 14
15081 12
15082 10
15083 9
15084 16
15085 15
15086 12
15087 14
15088 15
15089 12
15090 10
15091 9
15092 5
15093 7
15094 3
15095 5
15096 5
15097 8
15098 6
15099 2
15100 7
15101 10
15102 14
15103 9
15104 4
15105 3
15106 7
15107 3
15108 6
15109 10
15110 8
15111 6
15112 2
15113 8
15114 4
15115 6
15116 5
15117 4
15118 9
15119 15
15120 20
15121 17
15122 14
15123 23
15124 17
15125 17
15126 11
15127 19
15128 12
15129 10
15130 15
15131 7
15132 21
15133 15
15134 19
15135 17
15136 21
15137 22
15138 21
15139 22
15140 25
15141 23
15142 19
15143 22
15144 19
15145 20
15146 12
15147 22
15148 27
15149 18
15150 26
15151 26
15152 19
15153 25
15154 30
15155 31
15156 23
15157 18
15158 24
15159 23
15160 22
15161 23
15162 21
15163 29
15164 19
15165 16
15166 21
15167 18
15168 12
15169 14
15170 24
15171 20
15172 31
15173 19
15174 21
15175 19
15176 19
15177 16
15178 13
15179 8
15180 9
15181 7
15182 14
15183 11
15184 20
15185 12
15186 18
15187 13
15188 6
15189 5
15190 14
15191 7
15192 6
15193 11
15194 5
15195 10
15196 3
15197 5
15198 5
15199 9
15200 8
15201 12
15202 4
15203 11
15204 9
15205 7
15206 10
15207 11
15208 5
15209 15
15210 5
15211 6
15212 8
15213 3
15214 4
15215 3
15216 15
15217 12
15218 19
15219 10
15220 22
15221 11
15222 18
15223 11
15224 14
15225 13
15226 10
15227 10
15228 10
15229 13
15230 12
15231 15
15232 15
15233 25
15234 18
15235 21
15236 24
15237 23
15238 20
15239 15
15240 20
15241 16
15242 16
15243 18
15244 23
15245 28
15246 26
15247 20
15248 23
15249 17
15250 20
15251 25
15252 21
15253 25
15254 17
15255 29
15256 22
15257 21
15258 22
15259 17
15260 20
15261 18
15262 14
15263 17
15264 19
15265 12
15266 15
15267 10
15268 17
15269 20
15270 13
15271 21
15272 18
15273 11
15274 9
15275 6
15276 6
15277 8
15278 6
15279 6
15280 5
15281 10
15282 7
15283 14
15284 19
15285 12
15286 8
15287 5
15288 4
15289 7
15290 3
15291 5
15292 5
15293 5
15294 4
15295 6
15296 8
15297 4
15298 6
15299 10
15300 8
15301 2
15302 5
15303 5
15304 5
15305 2
15306 4
15307 5
15308 7
15309 7
15310 12
15311 7
15312 2
15313 6
15314 11
15315 9
15316 8
15317 13
15318 14
15319 14
15320 20
15321 18
15322 14
15323 20
15324 20
15325 11
15326 13
15327 12
15328 28
15329 26
15330 21
15331 17
15332 21
15333 19
15334 23
15335 18
15336 22
15337 24
15338 22
15339 16
15340 10
15341 19
15342 24
15343 27
15344 24
15345 33
15346 20
15347 29
15348 20
15349 18
15350 22
15351 22
15352 18
15353 22
15354 22
15355 26
15356 26
15357 24
15358 26
15359 13
15360 28
15361 20
15362 18
15363 23
15364 26
15365 17
15366 19
15367 15
15368 22
15369 27
15370 18
15371 16
15372 16
15373 12
15374 11
15375 7
15376 7
15377 12
15378 17
15379 13
15380 9
15381 18
15382 16
15383 19
15384 8
15385 7
15386 13
15387 4
15388 2
15389 3
15390 9
15391 3
15392 5
15393 6
15394 9
15395 11
15396 18
15397 9
15398 10
15399 7
15400 1
15401 5
15402 4
15403 5
15404 5
15405 12
15406 13
15407 11
15408 10
15409 8
15410 7
15411 10
15412 10
15413 12
15414 13
15415 10
15416 16
15417 20
15418 15
15419 16
15420 24
15421 14
15422 23
15423 10
15424 3
15425 6
15426 25
15427 14
15428 9
15429 20
15430 19
15431 11
15432 24
15433 22
15434 16
15435 19
15436 21
15437 22
15438 21
15439 18
15440 19
15441 20
15442 25
15443 22
15444 21
15445 23
15446 29
15447 21
15448 19
15449 15
15450 26
15451 25
15452 18
15453 17
15454 20
15455 25
15456 18
15457 18
15458 15
15459 14
15460 12
15461 16
15462 20
15463 17
15464 21
15465 16
15466 23
15467 20
15468 13
15469 12
15470 13
15471 16
15472 10
15473 15
15474 7
15475 12
15476 8
15477 10
15478 12
15479 7
15480 8
15481 12
15482 8
15483 6
15484 4
15485 5
15486 6
15487 4
15488 1
15489 3
15490 3
15491 1
15492 7
15493 4
15494 9
15495 15
15496 6
15497 13
15498 2
15499 7
15500 9
15501 15
15502 9
15503 12
15504 8
15505 9
15506 9
15507 5
15508 12
15509 5
15510 7
15511 6
15512 10
15513 11
15514 9
15515 13
15516 13
15517 20
15518 18
15519 16
15520 13
15521 13
15522 7
15523 9
15524 20
15525 11
15526 21
15527 22
15528 23
15529 24
15530 20
15531 26
15532 21
15533 18
15534 20
15535 22
15536 26
15537 18
15538 19
15539 39
15540 19
15541 28
15542 24
15543 32
15544 27
15545 23
15546 28
15547 14
15548 25
15549 25
15550 26
15551 31
15552 15
15553 14
15554 12
15555 26
15556 19
15557 15
15558 15
15559 24
15560 15
15561 26
15562 20
15563 22
15564 0
15565 22
15566 18
15567 13
15568 16
15569 21
15570 14
15571 11
15572 8
15573 8
15574 13
15575 9
15576 15
15577 15
15578 0
15579 11
15580 7
15581 13
15582 10
15583 4
15584 7
15585 7
15586 5
15587 6
15588 3
15589 7
15590 5
15591 11
15592 6
15593 11
15594 0
15595 5
15596 4
15597 6
15598 6
15599 7
15600 8
15601 5
15602 10
15603 4
15604 8
15605 6
15606 4
15607 10
15608 9
15609 18
15610 6
15611 8
15612 20
15613 11
15614 14
15615 11
15616 13
15617 11
15618 13
15619 20
15620 11
15621 13
15622 16
15623 20
15624 14
15625 20
15626 15
15627 20
15628 32
15629 20
15630 14
15631 22
15632 17
15633 13
15634 28
15635 22
15636 30
15637 15
15638 23
15639 26
15640 27
15641 26
15642 11
15643 24
15644 25
15645 19
15646 36
15647 25
15648 25
15649 23
15650 22
15651 16
15652 19
15653 28
15654 16
15655 20
15656 18
15657 11
15658 27
15659 16
15660 18
15661 19
15662 18
15663 14
15664 21
15665 18
15666 11
15667 15
15668 10
15669 6
15670 15
15671 10
15672 11
15673 16
15674 12
15675 11
15676 28
15677 18
15678 9
15679 9
15680 9
15681 10
15682 1
15683 3
15684 4
15685 1
15686 6
15687 3
15688 7
15689 6
15690 7
15691 8
15692 1
15693 4
15694 6
15695 5
15696 5
15697 7
15698 10
15699 10
15700 8
15701 8
15702 3
15703 5
15704 1
15705 3
15706 11
15707 10
15708 17
15709 18
15710 15
15711 12
15712 18
15713 22
15714 19
15715 15
15716 12
15717 9
15718 17
15719 2
15720 12
15721 22
15722 25
15723 17
15724 17
15725 24
15726 19
15727 24
15728 24
15729 26
15730 23
15731 20
15732 15
15733 21
15734 19
15735 35
15736 26
15737 26
15738 19
15739 28
15740 22
15741 22
15742 28
15743 18
15744 22
15745 24
15746 23
15747 30
15748 20
15749 23
15750 25
15751 23
15752 21
15753 25
15754 9
15755 17
15756 14
15757 19
15758 17
15759 15
15760 18
15761 21
15762 16
15763 22
15764 11
15765 13
15766 11
15767 16
15768 8
15769 14
15770 16
15771 12
15772 17
15773 13
15774 16
15775 15
15776 8
15777 8
15778 8
15779 6
15780 5
15781 6
15782 5
15783 5
15784 9
15785 8
15786 6
15787 14
15788 5
15789 6
15790 7
15791 5
15792 9
15793 8
15794 11
15795 13
15796 8
15797 9
15798 13
15799 8
15800 5
15801 8
15802 9
15803 2
15804 6
15805 6
15806 16
15807 14
15808 8
15809 0
15810 16
15811 15
15812 15
15813 14
15814 14
15815 9
15816 15
15817 7
15818 16
15819 18
15820 13
15821 22
15822 13
15823 20
15824 18
15825 23
15826 15
15827 19
15828 14
15829 19
15830 24
15831 12
15832 19
15833 23
15834 15
15835 18
15836 15
15837 15
15838 21
15839 18
15840 27
15841 27
15842 21
15843 20
15844 11
15845 30
15846 14
15847 15
15848 16
15849 20
15850 15
15851 15
15852 23
15853 14
15854 15
15855 16
15856 24
15857 24
15858 21
15859 17
15860 14
15861 13
15862 12
15863 14
15864 13
15865 6
15866 11
15867 8
15868 9
15869 12
15870 12
15871 8
15872 16
15873 7
15874 7
15875 11
15876 8
15877 4
15878 10
15879 8
15880 0
15881 6
15882 7
15883 4
15884 6
15885 7
15886 10
15887 11
15888 4
15889 8
15890 3
15891 6
15892 7
15893 7
15894 9
15895 9
15896 9
15897 7
15898 8
15899 7
15900 5
15901 1
15902 15
15903 15
15904 17
15905 10
15906 25
15907 16
15908 17
15909 17
15910 19
15911 17
15912 13
15913 12
15914 7
15915 9
15916 17
15917 19
15918 26
15919 17
15920 23
15921 15
15922 23
15923 21
15924 26
15925 22
15926 20
15927 12
15928 26
15929 27
15930 24
15931 24
15932 31
15933 25
15934 20
15935 25
15936 26
15937 19
15938 18
15939 19
15940 27
15941 25
15942 17
15943 16
15944 15
15945 28
15946 27
15947 18
15948 22
15949 28
15950 19
15951 20
15952 17
15953 15
15954 25
15955 23
15956 28
15957 25
15958 24
15959 18
15960 17
15961 16
15962 10
15963 13
15964 13
15965 7
15966 12
15967 12
15968 14
15969 24
15970 12
15971 13
15972 11
15973 20
15974 10
15975 5
15976 6
15977 7
15978 5
15979 3
15980 3
15981 2
15982 9
15983 14
15984 11
15985 8
15986 8
15987 6
15988 2
15989 5
15990 9
15991 7
15992 11
15993 3
15994 4
15995 11
15996 9
15997 4
15998 4
15999 9
16000 7
16001 14
16002 16
16003 10
16004 17
16005 8
16006 14
16007 17
16008 14
16009 14
16010 9
16011 16
16012 7
16013 12
16014 14
16015 14
16016 15
16017 18
16018 20
16019 20
16020 22
16021 24
16022 29
16023 21
16024 8
16025 18
16026 11
16027 19
16028 26
16029 12
16030 17
16031 20
16032 17
16033 24
16034 20
16035 21
16036 19
16037 26
16038 16
16039 19
16040 16
16041 24
16042 18
16043 16
16044 12
16045 17
16046 15
16047 12
16048 15
16049 15
16050 20
16051 18
16052 18
16053 23
16054 16
16055 16
16056 22
16057 11
16058 12
16059 17
16060 6
16061 9
16062 13
16063 9
16064 12
16065 15
16066 6
16067 15
16068 15
16069 16
16070 5
16071 12
16072 13
16073 5
16074 7
16075 6
16076 6
16077 5
16078 6
16079 2
16080 5
16081 9
16082 10
16083 11
16084 4
16085 2
16086 8
16087 8
16088 4
16089 6
16090 9
16091 12
16092 18
16093 8
16094 9
16095 6
16096 5
16097 3
16098 14
16099 9
16100 17
16101 7
16102 13
16103 13
16104 22
16105 10
16106 10
16107 12
16108 13
16109 17
16110 7
16111 11
16112 20
16113 20
16114 28
16115 18
16116 22
16117 18
16118 20
16119 26
16120 25
16121 16
16122 34
16123 18
16124 15
16125 18
16126 21
16127 22
16128 22
16129 23
16130 21
16131 25
16132 19
16133 25
16134 22
16135 21
16136 23
16137 32
16138 23
16139 19
16140 17
16141 25
16142 19
16143 20
16144 20
16145 19
16146 21
16147 20
16148 23
16149 19
16150 26
16151 20
16152 20
16153 15
16154 15
16155 16
16156 14
16157 10
16158 10
16159 6
16160 13
16161 10
16162 9
16163 14
16164 13
16165 14
16166 16
16167 23
16168 7
16169 8
16170 7
16171 12
16172 8
16173 8
16174 5
16175 9
16176 10
16177 12
16178 6
16179 9
16180 13
16181 11
16182 4
16183 3
16184 8
16185 10
16186 8
16187 12
16188 7
16189 9
16190 7
16191 7
16192 6
16193 4
16194 5
16195 5
16196 14
16197 9
16198 13
16199 11
16200 8
16201 10
16202 16
16203 21
16204 13
16205 11
16206 9
16207 8
16208 14
16209 5
16210 17
16211 23
16212 12
16213 20
16214 25
16215 19
16216 16
16217 20
16218 15
16219 27
16220 17
16221 16
16222 14
16223 13
16224 23
16225 27
16226 23
16227 32
16228 30
16229 17
16230 22
16231 13
16232 28
16233 22
16234 20
16235 19
16236 20
16237 19
16238 18
16239 19
16240 19
16241 18
16242 22
16243 17
16244 19
16245 13
16246 17
16247 19
16248 25
16249 22
16250 19
16251 23
16252 10
16253 16
16254 19
16255 17
16256 10
16257 8
16258 8
16259 10
16260 6
16261 7
16262 9
16263 11
16264 14
16265 17
16266 14
16267 10
16268 4
16269 8
16270 8
16271 6
16272 2
16273 8
16274 5
16275 5
16276 7
16277 13
16278 12
16279 11
16280 5
16281 5
16282 4
16283 4
16284 9
16285 8
16286 8
16287 7
16288 8
16289 10
16290 4
16291 7
16292 3
16293 2
16294 10
16295 9
16296 11
16297 9
16298 9
16299 14
16300 19
16301 19
16302 14
16303 15
16304 10
16305 9
16306 12
16307 8
16308 11
16309 14
16310 23
16311 21
16312 15
16313 25
16314 15
16315 32
16316 24
16317 22
16318 21
16319 20
16320 15
16321 17
16322 21
16323 19
16324 21
16325 22
16326 27
16327 29
16328 29
16329 17
16330 24
16331 23
16332 10
16333 16
16334 33
16335 24
16336 20
16337 14
16338 12
16339 13
16340 24
16341 18
16342 20
16343 20
16344 26
16345 11
16346 23
16347 19
16348 25
16349 27
16350 19
16351 19
16352 14
16353 17
16354 13
16355 8
16356 13
16357 15
16358 11
16359 7
16360 14
16361 16
16362 12
16363 28
16364 10
16365 12
16366 12
16367 3
16368 4
16369 4
16370 10
16371 3
16372 4
16373 5
16374 0
16375 12
16376 13
16377 8
16378 2
16379 6
16380 9
16381 7
16382 7
16383 6
16384 5
16385 13
16386 5
16387 2
16388 11
16389 3
16390 1
16391 1
16392 5
16393 10
16394 15
16395 11
16396 18
16397 11
16398 19
16399 18
16400 16
16401 11
16402 4
16403 15
16404 11
16405 12
16406 14
16407 16
16408 19
16409 19
16410 20
16411 21
16412 28
16413 24
16414 19
16415 17
16416 14
16417 24
16418 12
16419 16
16420 19
16421 23
16422 27
16423 23
16424 30
16425 20
16426 26
16427 18
16428 19
16429 19
16430 15
16431 19
16432 18
16433 15
16434 18
16435 16
16436 22
16437 21
16438 15
16439 19
16440 18
16441 15
16442 17
16443 19
16444 12
16445 21
16446 14
16447 23
16448 11
16449 19
16450 12
16451 20
16452 11
16453 12
16454 16
16455 8
16456 11
16457 6
16458 19
16459 17
16460 18
16461 10
16462 14
16463 15
16464 7
16465 7
16466 8
16467 2
16468 9
16469 5
16470 6
16471 3
16472 2
16473 12
16474 7
16475 10
16476 3
16477 5
16478 8
16479 6
16480 6
16481 17
16482 13
16483 6
16484 10
16485 17
16486 8
16487 7
16488 8
16489 6
16490 12
16491 13
16492 17
16493 10
16494 21
16495 18
16496 19
16497 14
16498 13
16499 11
16500 13
16501 11
16502 6
16503 11
16504 22
16505 13
16506 24
16507 16
16508 16
16509 29
16510 28
16511 27
16512 21
16513 20
16514 14
16515 18
16516 19
16517 23
16518 26
16519 22
16520 26
16521 13
16522 21
16523 24
16524 16
16525 21
16526 28
16527 23
16528 21
16529 22
16530 27
16531 20
16532 16
16533 16
16534 19
16535 15
16536 21
16537 18
16538 17
16539 26
16540 16
16541 14
16542 20
16543 15
16544 21
16545 20
16546 13
16547 12
16548 10
16549 13
16550 15
16551 8
16552 6
16553 10
16554 15
16555 13
16556 11
16557 17
16558 14
16559 24
16560 10
16561 7
16562 9
16563 5
16564 11
16565 4
16566 6
16567 2
16568 2
16569 5
16570 8
16571 10
16572 10
16573 10
16574 4
16575 9
16576 7
16577 7
16578 15
16579 12
16580 11
16581 10
16582 6
16583 7
16584 4
16585 5
16586 4
16587 5
16588 7
16589 9
16590 16
16591 7
16592 17
16593 21
16594 15
16595 9
16596 13
16597 14
16598 15
16599 11
16600 7
16601 9
16602 13
16603 18
16604 15
16605 15
16606 15
16607 20
16608 20
16609 21
16610 21
16611 20
16612 19
16613 20
16614 25
16615 19
16616 16
16617 19
16618 18
16619 11
16620 13
16621 11
16622 19
16623 19
16624 15
16625 21
16626 20
16627 20
16628 19
16629 25
16630 17
16631 19
16632 19
16633 20
16634 10
16635 18
16636 21
16637 12
16638 21
16639 13
16640 28
16641 23
16642 20
16643 16
16644 19
16645 15
16646 13
16647 11
16648 11
16649 12
16650 12
16651 8
16652 20
16653 18
16654 15
16655 16
16656 14
16657 19
16658 10
16659 11
16660 11
16661 10
16662 6
16663 7
16664 4
16665 9
16666 5
16667 5
16668 14
16669 11
16670 10
16671 8
16672 4
16673 4
16674 7
16675 8
16676 6
16677 14
16678 11
16679 10
16680 11
16681 9
16682 11
16683 7
16684 5
16685 9
16686 15
16687 8
16688 13
16689 11
16690 14
16691 18
16692 12
16693 19
16694 11
16695 20
16696 11
16697 7
16698 9
16699 13
16700 18
16701 15
16702 12
16703 26
16704 23
16705 22
16706 20
16707 27
16708 28
16709 20
16710 18
16711 23
16712 24
16713 22
16714 17
16715 21
16716 34
16717 19
16718 14
16719 23
16720 37
16721 27
16722 25
16723 21
16724 15
16725 23
16726 29
16727 28
16728 18
16729 24
16730 21
16731 28
16732 19
16733 25
16734 12
16735 20
16736 13
16737 17
16738 20
16739 14
16740 24
16741 25
16742 12
16743 17
16744 11
16745 13
16746 17
16747 14
16748 10
16749 15
16750 9
16751 10
16752 16
16753 13
16754 24
16755 11
16756 14
16757 4
16758 13
16759 5
16760 5
16761 6
16762 3
16763 2
16764 4
16765 8
16766 9
16767 16
16768 9
16769 12
16770 3
16771 8
16772 7
16773 12
16774 8
16775 7
16776 12
16777 6
16778 5
16779 9
16780 7
16781 10
16782 4
16783 1
16784 9
16785 13
16786 7
16787 11
16788 11
16789 12
16790 12
16791 16
16792 15
16793 8
16794 17
16795 12
16796 9
16797 10
16798 20
16799 20
16800 13
16801 25
16802 18
16803 25
16804 23
16805 21
16806 21
16807 21
16808 17
16809 11
16810 17
16811 17
16812 10
16813 21
16814 23
16815 20
16816 13
16817 22
16818 19
16819 22
16820 29
16821 15
16822 23
16823 17
16824 19
16825 24
16826 20
16827 18
16828 13
16829 25
16830 18
16831 14
16832 17
16833 20
16834 12
16835 25
16836 19
16837 25
16838 15
16839 15
16840 15
16841 10
16842 17
16843 15
16844 17
16845 11
16846 11
16847 12
16848 13
16849 9
16850 12
16851 18
16852 21
16853 18
16854 10
16855 7
16856 2
16857 6
16858 6
16859 10
16860 5
16861 5
16862 4
16863 6
16864 9
16865 3
16866 9
16867 8
16868 4
16869 2
16870 5
16871 7
16872 7
16873 13
16874 7
16875 7
16876 10
16877 10
16878 3
16879 7
16880 3
16881 5
16882 7
16883 12
16884 15
16885 10
16886 16
16887 16
16888 14
16889 16
16890 25
16891 13
16892 9
16893 16
16894 19
16895 14
16896 28
16897 19
16898 16
16899 23
16900 21
16901 27
16902 25
16903 27
16904 23
16905 27
16906 20
16907 18
16908 19
16909 11
16910 29
16911 23
16912 26
16913 19
16914 27
16915 24
16916 20
16917 25
16918 20
16919 27
16920 33
16921 22
16922 31
16923 26
16924 16
16925 18
16926 22
16927 25
16928 22
16929 12
16930 14
16931 19
16932 16
16933 25
16934 26
16935 24
16936 32
16937 21
16938 21
16939 10
16940 9
16941 20
16942 15
16943 13
16944 13
16945 10
16946 13
16947 12
16948 17
16949 13
16950 20
16951 12
16952 9
16953 11
16954 10
16955 9
16956 5
16957 4
16958 10
16959 8
16960 4
16961 7
16962 7
16963 19
16964 11
16965 10
16966 4
16967 3
16968 6
16969 4
16970 7
16971 12
16972 10
16973 10
16974 13
16975 5
16976 7
16977 6
16978 5
16979 3
16980 12
16981 10
16982 17
16983 7
16984 14
16985 13
16986 16
16987 10
16988 19
16989 9
16990 12
16991 17
16992 10
16993 11
16994 10
16995 21
16996 23
16997 30
16998 25
16999 30
17000 26
17001 22
17002 18
17003 20
17004 24
17005 18
17006 16
17007 24
17008 22
17009 23
17010 18
17011 29
17012 28
17013 19
17014 26
17015 21
17016 30
17017 21
17018 19
17019 29
17020 25
17021 27
17022 26
17023 22
17024 21
17025 19
17026 23
17027 21
17028 15
17029 14
17030 16
17031 16
17032 13
17033 16
17034 25
17035 27
17036 15
17037 19
17038 6
17039 7
17040 13
17041 11
17042 6
17043 10
17044 10
17045 11
17046 8
17047 10
17048 17
17049 18
17050 5
17051 10
17052 7
17053 4
17054 15
17055 6
17056 2
17057 6
17058 3
17059 2
17060 6
17061 6
17062 7
17063 9
17064 7
17065 8
17066 5
17067 11
17068 9
17069 9
17070 17
17071 7
17072 7
17073 6
17074 12
17075 7
17076 6
17077 4
17078 7
17079 11
17080 12
17081 9
17082 13
17083 16
17084 22
17085 23
17086 9
17087 13
17088 12
17089 5
17090 13
17091 8
17092 17
17093 24
17094 20
17095 34
17096 21
17097 25
17098 26
17099 20
17100 20
17101 18
17102 28
17103 25
17104 16
17105 25
17106 27
17107 23
17108 33
17109 26
17110 22
17111 22
17112 25
17113 23
17114 24
17115 24
17116 17
17117 24
17118 20
17119 24
17120 26
17121 18
17122 23
17123 31
17124 16
17125 20
17126 21
17127 15
17128 19
17129 24
17130 23
17131 15
17132 12
17133 16
17134 16
17135 12
17136 13
17137 17
17138 6
17139 9
17140 13
17141 12
17142 17
17143 15
17144 17
17145 11
17146 27
17147 17
17148 12
17149 12
17150 8
17151 9
17152 5
17153 8
17154 2
17155 5
17156 6
17157 5
17158 7
17159 6
17160 7
17161 12
17162 2
17163 6
17164 3
17165 6
17166 8
17167 10
17168 6
17169 12
17170 5
17171 6
17172 6
17173 3
17174 2
17175 5
17176 10
17177 9
17178 11
17179 14
17180 9
17181 10
17182 15
17183 18
17184 10
17185 11
17186 20
17187 17
17188 7
17189 7
17190 9
17191 21
17192 21
17193 29
17194 15
17195 14
17196 29
17197 24
17198 19
17199 19
17200 16
17201 22
17202 16
17203 22
17204 16
17205 25
17206 16
17207 32
17208 22
17209 19
17210 16
17211 19
17212 23
17213 29
17214 20
17215 19
17216 22
17217 26
17218 17
17219 22
17220 16
17221 25
17222 19
17223 15
17224 14
17225 15
17226 21
17227 23
17228 16
17229 19
17230 22
17231 18
17232 15
17233 13
17234 16
17235 16
17236 14
17237 9
17238 9
17239 11
17240 14
17241 12
17242 10
17243 13
17244 17
17245 9
17246 7
17247 5
17248 3
17249 5
17250 3
17251 6
17252 7
17253 5
17254 5
17255 4
17256 5
17257 3
17258 10
17259 8
17260 4
17261 8
17262 3
17263 6
17264 5
17265 11
17266 11
17267 8
17268 8
17269 5
17270 12
17271 8
17272 6
17273 7
17274 10
17275 9
17276 13
17277 19
17278 18
17279 11
17280 16
17281 25
17282 13
17283 18
17284 15
17285 7
17286 11
17287 11
17288 19
17289 22
17290 16
17291 16
17292 25
17293 29
17294 22
17295 29
17296 22
17297 17
17298 23
17299 22
17300 20
17301 20
17302 24
17303 32
17304 25
17305 20
17306 30
17307 26
17308 31
17309 19
17310 29
17311 24
17312 35
17313 30
17314 19
17315 25
17316 22
17317 22
17318 24
17319 25
17320 18
17321 8
17322 23
17323 12
17324 14
17325 19
17326 18
17327 12
17328 20
17329 28
17330 9
17331 15
17332 16
17333 11
17334 13
17335 6
17336 6
17337 7
17338 14
17339 11
17340 12
17341 12
17342 16
17343 15
17344 10
17345 5
17346 8
17347 13
17348 8
17349 2
17350 7
17351 4
17352 7
17353 7
17354 6
17355 10
17356 5
17357 8
17358 2
17359 7
17360 9
17361 14
17362 4
17363 10
17364 15
17365 18
17366 9
17367 10
17368 10
17369 3
17370 5
17371 3
17372 4
17373 14
17374 14
17375 9
17376 10
17377 17
17378 19
17379 12
17380 22
17381 18
17382 17
17383 17
17384 9
17385 12
17386 18
17387 17
17388 15
17389 14
17390 22
17391 15
17392 19
17393 21
17394 18
17395 17
17396 19
17397 15
17398 13
17399 16
17400 25
17401 22
17402 24
17403 19
17404 23
17405 37
17406 28
17407 20
17408 19
17409 23
17410 18
17411 27
17412 32
17413 14
17414 26
17415 19
17416 18
17417 24
17418 20
17419 16
17420 15
17421 21
17422 16
17423 21
17424 20
17425 18
17426 25
17427 36
17428 13
17429 15
17430 16
17431 11
17432 10
17433 16
17434 16
17435 10
17436 10
17437 12
17438 13
17439 13
17440 10
17441 18
17442 10
17443 8
17444 11
17445 6
17446 7
17447 5
17448 6
17449 8
17450 4
17451 9
17452 8
17453 10
17454 8
17455 9
17456 1
17457 5
17458 16
17459 12
17460 9
17461 12
17462 12
17463 11
17464 9
17465 10
17466 10
17467 5
17468 7
17469 8
17470 13
17471 10
17472 11
17473 22
17474 16
17475 11
17476 20
17477 20
17478 15
17479 14
17480 16
17481 9
17482 20
17483 8
17484 22
17485 25
17486 23
17487 17
17488 15
17489 21
17490 34
17491 23
17492 19
17493 21
17494 23
17495 25
17496 29
17497 19
17498 27
17499 20
17500 29
17501 26
17502 26
17503 26
17504 24
17505 29
17506 16
17507 16
17508 20
17509 27
17510 28
17511 29
17512 24
17513 21
17514 27
17515 22
17516 22
17517 23
17518 27
17519 15
17520 15
17521 12
17522 23
17523 18
17524 22
17525 20
17526 21
17527 15
17528 11
17529 10
17530 11
17531 12
17532 10
17533 4
17534 8
17535 14
17536 18
17537 15
17538 13
17539 11
17540 3
17541 9
17542 11
17543 3
17544 12
17545 5
17546 2
17547 5
17548 10
17549 3
17550 4
17551 11
17552 10
17553 12
17554 5
17555 3
17556 2
17557 11
17558 7
17559 8
17560 4
17561 12
17562 8
17563 6
17564 9
17565 8
17566 4
17567 3
17568 10
17569 8
17570 10
17571 13
17572 17
17573 10
17574 16
17575 15
17576 9
17577 17
17578 15
17579 17
17580 10
17581 7
17582 16
17583 15
17584 18
17585 22
17586 21
17587 29
17588 16
17589 26
17590 18
17591 22
17592 25
17593 15
17594 16
17595 14
17596 19
17597 19
17598 19
17599 27
17600 25
17601 16
17602 21
17603 17
17604 18
17605 32
17606 21
17607 27
17608 17
17609 19
17610 16
17611 17
17612 18
17613 9
17614 18
17615 13
17616 11
17617 18
17618 19
17619 24
17620 22
17621 18
17622 18
17623 17
17624 14
17625 14
17626 17
17627 15
17628 13
17629 13
17630 4
17631 3
17632 7
17633 9
17634 12
17635 14
17636 16
17637 13
17638 13
17639 10
17640 6
17641 6
17642 6
17643 5
17644 6
17645 5
17646 4
17647 8
17648 6
17649 11
17650 11
17651 9
17652 10
17653 4
17654 6
17655 7
17656 11
17657 11
17658 11
17659 10
17660 11
17661 10
17662 11
17663 5
17664 8
17665 6
17666 12
17667 15
17668 11
17669 18
17670 16
17671 15
17672 12
17673 15
17674 16
17675 9
17676 16
17677 14
17678 8
17679 10
17680 21
17681 20
17682 17
17683 15
17684 22
17685 21
17686 22
17687 27
17688 22
17689 20
17690 12
17691 18
17692 15
17693 21
17694 22
17695 17
17696 28
17697 22
17698 10
17699 22
17700 22
17701 20
17702 25
17703 29
17704 23
17705 26
17706 27
17707 19
17708 30
17709 29
17710 17
17711 15
17712 23
17713 19
17714 19
17715 17
17716 17
17717 24
17718 22
17719 20
17720 22
17721 24
17722 10
17723 24
17724 19
17725 17
17726 18
17727 18
17728 12
17729 13
17730 11
17731 22
17732 14
17733 9
17734 14
17735 21
17736 8
17737 6
17738 5
17739 12
17740 6
17741 3
17742 15
17743 8
17744 5
17745 6
17746 10
17747 7
17748 7
17749 15
17750 1
17751 6
17752 5
17753 7
17754 8
17755 6
17756 13
17757 9
17758 6
17759 5
17760 7
17761 10
17762 7
17763 11
17764 9
17765 11
17766 10
17767 11
17768 11
17769 13
17770 17
17771 17
17772 15
17773 20
17774 14
17775 15
17776 19
17777 5
17778 18
17779 27
17780 24
17781 28
17782 16
17783 21
17784 23
17785 19
17786 27
17787 27
17788 19
17789 16
17790 27
17791 16
17792 19
17793 29
17794 17
17795 17
17796 24
17797 17
17798 22
17799 24
17800 30
17801 22
17802 20
17803 23
17804 23
17805 22
17806 25
17807 23
17808 18
17809 17
17810 17
17811 10
17812 21
17813 16
17814 15
17815 21
17816 14
17817 27
17818 20
17819 30
17820 17
17821 12
17822 12
17823 19
17824 9
17825 13
17826 13
17827 13
17828 13
17829 12
17830 12
17831 15
17832 16
17833 11
17834 8
17835 6
17836 1
17837 10
17838 13
17839 3
17840 8
17841 2
17842 5
17843 4
17844 2
17845 12
17846 8
17847 10
17848 6
17849 4
17850 4
17851 4
17852 6
17853 10
17854 13
17855 8
17856 12
17857 9
17858 9
17859 9
17860 5
17861 6
17862 12
17863 19
17864 7
17865 12
17866 17
17867 16
17868 17
17869 15
17870 17
17871 19
17872 19
17873 14
17874 12
17875 11
17876 16
17877 21
17878 12
17879 27
17880 29
17881 16
17882 26
17883 31
17884 26
17885 24
17886 20
17887 25
17888 22
17889 19
17890 18
17891 23
17892 18
17893 21
17894 28
17895 17
17896 19
17897 34
17898 11
17899 22
17900 26
17901 22
17902 19
17903 29
17904 19
17905 24
17906 20
17907 21
17908 17
17909 17
17910 21
17911 17
17912 18
17913 20
17914 17
17915 33
17916 21
17917 19
17918 17
17919 16
17920 19
17921 15
17922 9
17923 10
17924 14
17925 15
17926 17
17927 14
17928 14
17929 12
17930 15
17931 17
17932 2
17933 15
17934 11
17935 10
17936 8
17937 9
17938 6
17939 8
17940 7
17941 7
17942 5
17943 12
17944 7
17945 9
17946 8
17947 11
17948 2
17949 9
17950 3
17951 12
17952 8
17953 11
17954 7
17955 5
17956 7
17957 6
17958 2
17959 5
17960 8
17961 15
17962 13
17963 12
17964 19
17965 11
17966 15
17967 6
17968 21
17969 16
17970 15
17971 10
17972 12
17973 9
17974 15
17975 21
17976 20
17977 16
17978 24
17979 24
17980 27
17981 23
17982 27
17983 18
17984 13
17985 19
17986 21
17987 23
17988 26
17989 22
17990 17
17991 21
17992 23
17993 20
17994 22
17995 27
17996 15
17997 16
17998 25
17999 19
18000 21
18001 26
18002 29
18003 22
18004 20
18005 15
18006 12
18007 19
18008 21
18009 8
18010 21
18011 15
18012 29
18013 9
18014 24
18015 23
18016 14
18017 12
18018 15
18019 16
18020 9
18021 12
18022 9
18023 14
18024 11
18025 10
18026 14
18027 7
18028 14
18029 21
18030 12
18031 8
18032 7
18033 5
18034 7
18035 7
18036 4
18037 5
18038 6
18039 5
18040 8
18041 7
18042 7
18043 4
18044 7
18045 8
18046 8
18047 7
18048 7
18049 10
18050 9
18051 13
18052 5
18053 4
18054 7
18055 6
18056 3
18057 3
18058 7
18059 17
18060 22
18061 14
18062 12
18063 13
18064 15
18065 19
18066 8
18067 22
18068 16
18069 13
18070 15
18071 11
18072 19
18073 16
18074 26
18075 17
18076 21
18077 16
18078 22
18079 20
18080 21
18081 21
18082 19
18083 11
18084 16
18085 23
18086 23
18087 25
18088 22
18089 18
18090 23
18091 25
18092 31
18093 27
18094 28
18095 23
18096 20
18097 22
18098 19
18099 20
18100 25
18101 31
18102 30
18103 21
18104 13
18105 17
18106 19
18107 20
18108 22
18109 13
18110 16
18111 18
18112 18
18113 31
18114 19
18115 12
18116 13
18117 7
18118 21
18119 14
18120 8
18121 10
18122 11
18123 18
18124 13
18125 14
18126 12
18127 17
18128 10
18129 13
18130 9
18131 10
18132 7
18133 7
18134 3
18135 3
18136 6
18137 6
18138 12
18139 9
18140 9
18141 11
18142 7
18143 6
18144 9
18145 7
18146 6
18147 7
18148 7
18149 11
18150 8
18151 8
18152 10
18153 8
18154 4
18155 6
18156 10
18157 11
18158 10
18159 7
18160 15
18161 15
18162 18
18163 10
18164 14
18165 21
18166 8
18167 14
18168 14
18169 17
18170 16
18171 24
18172 11
18173 25
18174 26
18175 27
18176 15
18177 18
18178 20
18179 23
18180 14
18181 23
18182 21
18183 17
18184 35
18185 22
18186 28
18187 27
18188 17
18189 26
18190 21
18191 26
18192 19
18193 26
18194 20
18195 24
18196 29
18197 29
18198 19
18199 28
18200 24
18201 23
18202 16
18203 15
18204 10
18205 22
18206 15
18207 15
18208 23
18209 16
18210 26
18211 21
18212 22
18213 14
18214 12
18215 9
18216 10
18217 12
18218 11
18219 10
18220 11
18221 10
18222 16
18223 13
18224 19
18225 15
18226 8
18227 11
18228 10
18229 8
18230 2
18231 4
18232 8
18233 6
18234 2
18235 5
18236 9
18237 11
18238 6
18239 10
18240 7
18241 4
18242 11
18243 6
18244 4
18245 12
18246 6
18247 8
18248 11
18249 11
18250 7
18251 6
18252 8
18253 5
18254 11
18255 9
18256 17
18257 15
18258 15
18259 12
18260 21
18261 24
18262 8
18263 19
18264 11
18265 22
18266 9
18267 12
18268 16
18269 24
18270 29
18271 14
18272 25
18273 19
18274 22
18275 31
18276 18
18277 20
18278 18
18279 13
18280 28
18281 22
18282 16
18283 20
18284 25
18285 31
18286 27
18287 29
18288 23
18289 25
18290 21
18291 19
18292 21
18293 18
18294 22
18295 23
18296 27
18297 21
18298 22
18299 16
18300 12
18301 22
18302 20
18303 20
18304 16
18305 18
18306 18
18307 26
18308 25
18309 13
18310 21
18311 16
18312 12
18313 8
18314 16
18315 12
18316 5
18317 10
18318 10
18319 12
18320 12
18321 10
18322 10
18323 15
18324 10
18325 19
18326 12
18327 7
18328 13
18329 5
18330 7
18331 4
18332 9
18333 8
18334 10
18335 9
18336 3
18337 9
18338 0
18339 0
18340 0
18341 0
18342 0
18343 0
18344 0
18345 11
18346 11
18347 9
18348 10
18349 9
18350 6
18351 7
18352 11
18353 10
18354 10
18355 19
18356 15
18357 16
18358 16
18359 14
18360 12
18361 11
18362 15
18363 15
18364 9
18365 7
18366 9
18367 13
18368 12
18369 15
18370 22
18371 21
18372 23
18373 24
18374 19
18375 19
18376 34
18377 16
18378 27
18379 10
18380 22
18381 23
18382 28
18383 24
18384 27
18385 25
18386 19
18387 27
18388 20
18389 21
18390 28
18391 20
18392 21
18393 18
18394 22
18395 17
18396 23
18397 28
18398 12
18399 16
18400 12
18401 17
18402 23
18403 16
18404 22
18405 23
18406 24
18407 39
18408 13
18409 22
18410 14
18411 14
18412 10
18413 6
18414 11
18415 11
18416 11
18417 15
18418 10
18419 12
18420 10
18421 19
18422 15
18423 14
18424 14
18425 7
18426 9
18427 3
18428 5
18429 7
18430 7
18431 3
18432 8
18433 13
18434 10
18435 11
18436 7
18437 1
18438 5
18439 8
18440 9
18441 12
18442 18
18443 12
18444 8
18445 9
18446 5
18447 6
18448 6
18449 6
18450 9
18451 11
18452 9
18453 11
18454 11
18455 16
18456 17
18457 18
18458 10
18459 14
18460 12
18461 11
18462 16
18463 12
18464 18
18465 11
18466 22
18467 15
18468 20
18469 19
18470 16
18471 24
18472 24
18473 26
18474 20
18475 16
18476 20
18477 23
18478 21
18479 22
18480 16
18481 10
18482 29
18483 17
18484 10
18485 22
18486 32
18487 26
18488 22
18489 16
18490 26
18491 22
18492 27
18493 31
18494 22
18495 25
18496 27
18497 17
18498 12
18499 14
18500 11
18501 25
18502 15
18503 16
18504 23
18505 23
18506 23
18507 18
18508 13
18509 12
18510 11
18511 11
18512 15
18513 10
18514 13
18515 14
18516 6
18517 17
18518 13
18519 12
18520 15
18521 13
18522 7
18523 16
18524 2
18525 7
18526 2
18527 5
18528 4
18529 6
18530 8
18531 7
18532 4
18533 5
18534 4
18535 3
18536 6
18537 6
18538 20
18539 7
18540 8
18541 8
18542 5
18543 9
18544 6
18545 3
18546 5
18547 6
18548 8
18549 10
18550 16
18551 14
18552 18
18553 18
18554 12
18555 22
18556 12
18557 10
18558 10
18559 11
18560 9
18561 7
18562 23
18563 17
18564 24
18565 15
18566 27
18567 32
18568 23
18569 24
18570 19
18571 22
18572 25
18573 17
18574 18
18575 20
18576 35
18577 18
18578 25
18579 25
18580 14
18581 20
18582 23
18583 22
18584 23
18585 23
18586 17
18587 20
18588 22
18589 26
18590 13
18591 26
18592 26
18593 22
18594 25
18595 17
18596 13
18597 9
18598 19
18599 27
18600 14
18601 21
18602 20
18603 13
18604 11
18605 10
18606 13
18607 13
18608 12
18609 5
18610 13
18611 15
18612 12
18613 9
18614 17
18615 14
18616 16
18617 20
18618 11
18619 10
18620 17
18621 5
18622 9
18623 8
18624 0
18625 4
18626 7
18627 9
18628 12
18629 7
18630 10
18631 10
18632 5
18633 2
18634 5
18635 7
18636 7
18637 8
18638 10
18639 12
18640 7
18641 15
18642 6
18643 7
18644 6
18645 3
18646 13
18647 13
18648 10
18649 13
18650 21
18651 16
18652 20
18653 12
18654 11
18655 9
18656 15
18657 14
18658 15
18659 12
18660 18
18661 8
18662 25
18663 16
18664 32
18665 18
18666 19
18667 22
18668 20
18669 23
18670 19
18671 11
18672 17
18673 19
18674 15
18675 24
18676 26
18677 22
18678 21
18679 23
18680 30
18681 32
18682 25
18683 24
18684 22
18685 22
18686 23
18687 21
18688 18
18689 12
18690 16
18691 19
18692 25
18693 19
18694 24
18695 12
18696 16
18697 18
18698 30
18699 22
18700 20
18701 16
18702 17
18703 15
18704 18
18705 16
18706 9
18707 10
18708 11
18709 12
18710 14
18711 18
18712 17
18713 14
18714 16
18715 13
18716 14
18717 11
18718 12
18719 9
18720 7
18721 4
18722 1
18723 5
18724 7
18725 7
18726 7
18727 12
18728 11
18729 10
18730 9
18731 11
18732 9
18733 8
18734 10
18735 12
18736 11
18737 12
18738 7
18739 8
18740 3
18741 7
18742 7
18743 1
18744 7
18745 11
18746 5
18747 9
18748 6
18749 11
18750 17
18751 10
18752 13
18753 11
18754 10
18755 11
18756 7
18757 11
18758 10
18759 21
18760 19
18761 17
18762 21
18763 27
18764 36
18765 16
18766 22
18767 19
18768 20
18769 14
18770 13
18771 16
18772 14
18773 24
18774 28
18775 26
18776 17
18777 24
18778 26
18779 17
18780 24
18781 16
18782 18
18783 14
18784 26
18785 16
18786 22
18787 25
18788 16
18789 25
18790 19
18791 16
18792 10
18793 18
18794 21
18795 8
18796 13
18797 16
18798 19
18799 17
18800 12
18801 13
18802 18
18803 11
18804 8
18805 14
18806 13
18807 8
18808 5
18809 10
18810 11
18811 16
18812 12
18813 17
18814 10
18815 17
18816 7
18817 10
18818 11
18819 6
18820 5
18821 2
18822 8
18823 11
18824 5
18825 14
18826 12
18827 13
18828 5
18829 6
18830 7
18831 10
18832 7
18833 8
18834 12
18835 6
18836 6
18837 4
18838 7
18839 9
18840 4
18841 6
18842 6
18843 10
18844 14
18845 8
18846 14
18847 9
18848 10
18849 19
18850 6
18851 11
18852 10
18853 10
18854 8
18855 10
18856 10
18857 9
18858 18
18859 28
18860 14
18861 19
18862 27
18863 17
18864 25
18865 19
18866 16
18867 18
18868 19
18869 24
18870 19
18871 25
18872 20
18873 18
18874 22
18875 23
18876 25
18877 17
18878 25
18879 30
18880 28
18881 28
18882 27
18883 21
18884 15
18885 23
18886 22
18887 20
18888 22
18889 16
18890 17
18891 19
18892 15
18893 21
18894 18
18895 21
18896 25
18897 17
18898 10
18899 15
18900 10
18901 14
18902 15
18903 9
18904 10
18905 12
18906 12
18907 14
18908 11
18909 17
18910 23
18911 14
18912 9
18913 16
18914 13
18915 17
18916 9
18917 9
18918 7
18919 2
18920 8
18921 8
18922 4
18923 4
18924 4
18925 15
18926 6
18927 10
18928 6
18929 3
18930 11
18931 10
18932 7
18933 4
18934 12
18935 5
18936 7
18937 0
18938 7
18939 5
18940 13
18941 12
18942 16
18943 7
18944 15
18945 12
18946 11
18947 14
18948 18
18949 11
18950 17
18951 17
18952 14
18953 13
18954 18
18955 20
18956 16
18957 26
18958 22
18959 20
18960 23
18961 29
18962 17
18963 25
18964 21
18965 12
18966 12
18967 17
18968 23
18969 19
18970 19
18971 15
18972 21
18973 24
18974 21
18975 27
18976 25
18977 24
18978 19
18979 24
18980 19
18981 21
18982 18
18983 23
18984 18
18985 15
18986 18
18987 19
18988 20
18989 15
18990 12
18991 16
18992 16
18993 12
18994 14
18995 22
18996 17
18997 14
18998 18
18999 15
19000 13
19001 10
19002 8
19003 11
19004 12
19005 12
19006 9
19007 10
19008 16
19009 14
19010 5
19011 7
19012 2
19013 8
19014 8
19015 2
19016 5
19017 6
19018 5
19019 11
19020 9
19021 5
19022 5
19023 9
19024 3
19025 5
19026 11
19027 10
19028 7
19029 11
19030 13
19031 6
19032 5
19033 11
19034 6
19035 12
19036 5
19037 1
19038 7
19039 11
19040 7
19041 15
19042 13
19043 19
19044 13
19045 13
19046 11
19047 18
19048 14
19049 12
19050 6
19051 5
19052 20
19053 15
19054 15
19055 18
19056 23
19057 26
19058 23
19059 14
19060 18
19061 22
19062 12
19063 18
19064 17
19065 18
19066 18
19067 18
19068 0
19069 28
19070 17
19071 24
19072 21
19073 20
19074 16
19075 21
19076 28
19077 23
19078 23
19079 25
19080 17
19081 25
19082 21
19083 26
19084 19
19085 19
19086 25
19087 6
19088 25
19089 14
19090 16
19091 22
19092 22
19093 37
19094 19
19095 20
19096 9
19097 12
19098 8
19099 9
19100 12
19101 10
19102 13
19103 5
19104 21
19105 17
19106 10
19107 10
19108 12
19109 11
19110 8
19111 8
19112 5
19113 3
19114 4
19115 5
19116 7
19117 8
19118 6
19119 11
19120 9
19121 10
19122 4
19123 6
19124 2
19125 9
19126 8
19127 9
19128 7
19129 13
19130 3
19131 6
19132 2
19133 8
19134 5
19135 6
19136 8
19137 10
19138 14
19139 13
19140 9
19141 16
19142 25
19143 13
19144 14
19145 13
19146 12
19147 9
19148 13
19149 10
19150 11
19151 21
19152 24
19153 16
19154 25
19155 9
19156 22
19157 20
19158 16
19159 30
19160 13
19161 18
19162 23
19163 16
19164 22
19165 29
19166 17
19167 27
19168 13
19169 15
19170 17
19171 16
19172 25
19173 26
19174 23
19175 24
19176 17
19177 25
19178 23
19179 21
19180 21
19181 11
19182 15
19183 17
19184 16
19185 14
19186 12
19187 19
19188 20
19189 19
19190 28
19191 15
19192 10
19193 9
19194 15
19195 11
19196 14
19197 7
19198 4
19199 11
19200 12
19201 12
19202 15
19203 16
19204 17
19205 17
19206 8
19207 6
19208 6
19209 8
19210 3
19211 8
19212 5
19213 3
19214 8
19215 4
19216 13
19217 7
19218 11
19219 11
19220 3
19221 5
19222 3
19223 6
19224 9
19225 6
19226 12
19227 5
19228 7
19229 2
19230 5
19231 6
19232 3
19233 2
19234 12
19235 7
19236 8
19237 4
19238 11
19239 7
19240 14
19241 14
19242 10
19243 10
19244 15
19245 12
19246 10
19247 7
19248 13
19249 15
19250 18
19251 14
19252 13
19253 11
19254 18
19255 22
19256 17
19257 14
19258 21
19259 13
19260 21
19261 13
19262 17
19263 27
19264 19
19265 16
19266 14
19267 17
19268 14
19269 21
19270 26
19271 18
19272 18
19273 26
19274 16
19275 15
19276 19
19277 13
19278 23
19279 15
19280 13
19281 19
19282 12
19283 13
19284 15
19285 17
19286 27
19287 17
19288 23
19289 23
19290 19
19291 7
19292 10
19293 10
19294 11
19295 14
19296 7
19297 8
19298 10
19299 8
19300 10
19301 16
19302 16
19303 14
19304 4
19305 10
19306 10
19307 7
19308 6
19309 0
19310 6
19311 5
19312 1
19313 7
19314 12
19315 7
19316 8
19317 10
19318 0
19319 1
19320 5
19321 6
19322 5
19323 6
19324 5
19325 5
19326 8
19327 8
19328 4
19329 5
19330 4
19331 5
19332 7
19333 6
19334 4
19335 7
19336 6
19337 8
19338 13
19339 10
19340 8
19341 17
19342 4
19343 6
19344 4
19345 7
19346 7
19347 8
19348 7
19349 15
19350 11
19351 14
19352 15
19353 22
19354 14
19355 14
19356 12
19357 18
19358 9
19359 19
19360 8
19361 12
19362 12
19363 13
19364 14
19365 15
19366 8
19367 13
19368 12
19369 14
19370 24
19371 18
19372 14
19373 21
19374 12
19375 9
19376 11
19377 9
19378 12
19379 10
19380 5
19381 9
19382 18
19383 11
19384 20
19385 11
19386 14
19387 21
19388 10
19389 7
19390 9
19391 6
19392 10
19393 7
19394 2
19395 7
19396 10
19397 10
19398 9
19399 10
19400 17
19401 16
19402 5
19403 3
19404 5
19405 5
19406 5
19407 4
19408 1
19409 3
19410 3
19411 7
19412 5
19413 8
19414 12
19415 4
19416 5
19417 5
19418 4
19419 6
19420 4
19421 1
19422 3
19423 6
19424 6
19425 2
19426 8
19427 2
19428 4
19429 1
19430 12
19431 4
19432 9
19433 10
19434 7
19435 7
19436 10
19437 4
19438 7
19439 7
19440 6
19441 11
19442 7
19443 11
19444 17
19445 12
19446 16
19447 12
19448 8
19449 12
19450 24
19451 22
19452 11
19453 7
19454 18
19455 7
19456 14
19457 9
19458 21
19459 22
19460 10
19461 16
19462 16
19463 11
19464 19
19465 13
19466 11
19467 19
19468 11
19469 10
19470 18
19471 12
19472 12
19473 19
19474 15
19475 15
19476 13
19477 13
19478 17
19479 7
19480 10
19481 11
19482 19
19483 14
19484 14
19485 12
19486 16
19487 12
19488 18
19489 5
19490 11
19491 14
19492 6
19493 5
19494 9
19495 12
19496 13
19497 6
19498 11
19499 7
19500 6
19501 6
19502 7
19503 11
19504 8
19505 3
19506 4
19507 3
19508 7
19509 8
19510 4
19511 6
19512 8
19513 8
19514 4
19515 11
19516 7
19517 13
19518 12
19519 9
19520 9
19521 6
19522 5
19523 12
19524 6
19525 5
19526 2
19527 6
19528 11
19529 12
19530 9
19531 16
19532 16
19533 11
19534 16
19535 19
19536 8
19537 17
19538 13
19539 10
19540 7
19541 9
19542 13
19543 14
19544 18
19545 21
19546 18
19547 21
19548 23
19549 27
19550 14
19551 14
19552 14
19553 17
19554 18
19555 15
19556 21
19557 26
19558 23
19559 22
19560 17
19561 25
19562 28
19563 21
19564 17
19565 27
19566 29
19567 24
19568 18
19569 25
19570 22
19571 19
19572 17
19573 21
19574 20
19575 14
19576 23
19577 8
19578 12
19579 11
19580 19
19581 8
19582 23
19583 16
19584 16
19585 17
19586 19
19587 9
19588 13
19589 20
19590 9
19591 10
19592 7
19593 13
19594 12
19595 8
19596 13
19597 15
19598 17
19599 9
19600 13
19601 5
19602 4
19603 2
19604 6
19605 4
19606 3
19607 6
19608 8
19609 8
19610 7
19611 8
19612 4
19613 4
19614 5
19615 10
19616 11
19617 6
19618 13
19619 6
19620 6
19621 7
19622 11
19623 3
19624 8
19625 3
19626 10
19627 7
19628 15
19629 10
19630 13
19631 18
19632 19
19633 26
19634 14
19635 18
19636 15
19637 19
19638 9
19639 15
19640 16
19641 26
19642 21
19643 16
19644 23
19645 24
19646 26
19647 28
19648 17
19649 20
19650 22
19651 25
19652 23
19653 16
19654 34
19655 42
19656 31
19657 23
19658 24
19659 22
19660 21
19661 29
19662 22
19663 28
19664 19
19665 32
19666 36
19667 22
19668 28
19669 20
19670 16
19671 15
19672 13
19673 12
19674 18
19675 18
19676 18
19677 19
19678 14
19679 21
19680 18
19681 33
19682 23
19683 10
19684 16
19685 12
19686 17
19687 8
19688 14
19689 0
19690 0
19691 0
19692 0
19693 0
19694 0
19695 0
19696 7
19697 12
19698 7
19699 11
19700 10
19701 6
19702 6
19703 5
19704 8
19705 5
19706 5
19707 11
19708 10
19709 7
19710 6
19711 4
19712 8
19713 5
19714 13
19715 8
19716 10
19717 11
19718 5
19719 9
19720 7
19721 9
19722 9
19723 7
19724 14
19725 7
19726 10
19727 13
19728 15
19729 17
19730 20
19731 15
19732 7
19733 18
19734 11
19735 10
19736 12
19737 9
19738 18
19739 26
19740 24
19741 26
19742 19
19743 29
19744 18
19745 28
19746 23
19747 26
19748 20
19749 29
19750 17
19751 20
19752 26
19753 22
19754 18
19755 24
19756 29
19757 24
19758 23
19759 25
19760 18
19761 16
19762 31
19763 29
19764 30
19765 14
19766 16
19767 27
19768 25
19769 18
19770 23
19771 17
19772 22
19773 24
19774 25
19775 18
19776 16
19777 28
19778 36
19779 26
19780 26
19781 9
19782 14
19783 12
19784 12
19785 12
19786 14
19787 16
19788 16
19789 9
19790 17
19791 15
19792 17
19793 17
19794 7
19795 12
19796 9
19797 11
19798 7
19799 9
19800 4
19801 9
19802 4
19803 5
19804 11
19805 12
19806 10
19807 6
19808 10
19809 9
19810 2
19811 4
19812 11
19813 5
19814 7
19815 12
19816 8
19817 11
19818 6
19819 5
19820 9
19821 5
19822 14
19823 9
19824 14
19825 23
19826 19
19827 17
19828 25
19829 19
19830 15
19831 14
19832 15
19833 18
19834 14
19835 19
19836 21
19837 25
19838 20
19839 18
19840 22
19841 30
19842 24
19843 19
19844 13
19845 20
19846 23
19847 25
19848 19
19849 14
19850 26
19851 21
19852 33
19853 29
19854 20
19855 23
19856 23
19857 19
19858 29
19859 31
19860 14
19861 38
19862 32
19863 23
19864 24
19865 21
19866 20
19867 25
19868 18
19869 22
19870 16
19871 16
19872 17
19873 15
19874 25
19875 21
19876 19
19877 19
19878 19
19879 12
19880 8
19881 10
19882 11
19883 10
19884 11
19885 14
19886 8
19887 23
19888 19
19889 15
19890 15
19891 20
19892 9
19893 14
19894 7
19895 9
19896 4
19897 7
19898 11
19899 6
19900 9
19901 5
19902 14
19903 6
19904 15
19905 10
19906 6
19907 6
19908 6
19909 9
19910 4
19911 10
19912 6
19913 16
19914 12
19915 11
19916 7
19917 7
19918 6
19919 3
19920 10
19921 9
19922 19
19923 15
19924 11
19925 12
19926 14
19927 16
19928 19
19929 19
19930 14
19931 11
19932 15
19933 7
19934 20
19935 25
19936 15
19937 18
19938 11
19939 23
19940 17
19941 18
19942 17
19943 21
19944 19
19945 18
19946 13
19947 13
19948 29
19949 17
19950 19
19951 20
19952 26
19953 25
19954 25
19955 28
19956 23
19957 25
19958 28
19959 24
19960 21
19961 24
19962 12
19963 20
19964 22
19965 17
19966 22
19967 17
19968 19
19969 25
19970 21
19971 18
19972 23
19973 32
19974 27
19975 14
19976 11
19977 10
19978 16
19979 14
19980 12
19981 16
19982 7
19983 9
19984 10
19985 11
19986 12
19987 10
19988 12
19989 11
19990 10
19991 10
19992 9
19993 9
19994 6
19995 5
19996 10
19997 8
19998 6
19999 10
20000 13
20001 4
20002 6
20003 12
20004 9
20005 4
20006 3
20007 7
20008 7
20009 8
20010 11
20011 12
20012 10
20013 9
20014 9
20015 12
20016 9
20017 3
20018 10
20019 13
20020 9
20021 15
20022 14
20023 18
20024 24
20025 18
20026 15
20027 21
20028 20
20029 15
20030 13
20031 9
20032 23
20033 17
20034 22
20035 25
20036 21
20037 30
20038 22
20039 15
20040 19
20041 22
20042 18
20043 23
20044 20
20045 20
20046 18
20047 19
20048 20
20049 28
20050 25
20051 26
20052 33
20053 25
20054 24
20055 28
20056 29
20057 21
20058 30
20059 21
20060 23
20061 15
20062 15
20063 16
20064 18
20065 16
20066 17
20067 13
20068 19
20069 21
20070 21
20071 18
20072 21
20073 34
20074 23
20075 13
20076 13
20077 13
20078 8
20079 15
20080 10
20081 13
20082 17
20083 17
20084 10
20085 17
20086 11
20087 18
20088 9
20089 8
20090 13
20091 9
20092 5
20093 5
20094 8
20095 5
20096 7
20097 13
20098 14
20099 11
20100 8
20101 14
20102 2
20103 8
20104 5
20105 4
20106 8
20107 12
20108 8
20109 15
20110 12
20111 10
20112 7
20113 8
20114 5
20115 3
20116 9
20117 9
20118 6
20119 14
20120 15
20121 15
20122 17
20123 13
20124 16
20125 12
20126 15
20127 10
20128 18
20129 3
20130 22
20131 20
20132 14
20133 18
20134 23
20135 19
20136 24
20137 15
20138 23
20139 25
20140 24
20141 21
20142 19
20143 12
20144 19
20145 24
20146 20
20147 21
20148 32
20149 29
20150 22
20151 18
20152 12
20153 17
20154 21
20155 24
20156 25
20157 21
20158 22
20159 21
20160 29
20161 15
20162 18
20163 12
20164 21
20165 9
20166 17
20167 17
20168 20
20169 17
20170 22
20171 17
20172 21
20173 13
20174 14
20175 15
20176 13
20177 8
20178 14
20179 10
20180 16
20181 13
20182 12
20183 20
20184 15
20185 18
20186 11
20187 10
20188 12
20189 10
20190 8
20191 6
20192 4
20193 4
20194 6
20195 6
20196 7
20197 4
20198 3
20199 7
20200 3
20201 10
20202 5
20203 12
20204 10
20205 7
20206 12
20207 10
20208 14
20209 13
20210 8
20211 3
20212 5
20213 2
20214 7
20215 6
20216 7
20217 14
20218 16
20219 15
20220 16
20221 18
20222 14
20223 15
20224 14
20225 17
20226 7
20227 7
20228 13
20229 14
20230 20
20231 24
20232 17
20233 22
20234 21
20235 18
20236 19
20237 18
20238 17
20239 15
20240 22
20241 18
20242 29
20243 26
20244 23
20245 27
20246 29
20247 26
20248 32
20249 24
20250 20
20251 20
20252 22
20253 35
20254 24
20255 24
20256 19
20257 24
20258 23
20259 31
20260 20
20261 19
20262 12
20263 17
20264 23
20265 18
20266 17
20267 20
20268 16
20269 15
20270 6
20271 12
20272 14
20273 13
20274 13
20275 13
20276 10
20277 8
20278 13
20279 15
20280 16
20281 20
20282 13
20283 17
20284 11
20285 10
20286 11
20287 9
20288 7
20289 5
20290 5
20291 8
20292 6
20293 5
20294 4
20295 14
20296 13
20297 7
20298 9
20299 3
20300 7
20301 10
20302 4
20303 2
20304 5
20305 5
20306 8
20307 9
20308 4
20309 10
20310 3
20311 10
20312 9
20313 10
20314 13
20315 16
20316 9
20317 13
20318 16
20319 16
20320 15
20321 21
20322 11
20323 8
20324 13
20325 10
20326 12
20327 19
20328 12
20329 28
20330 13
20331 24
20332 18
20333 21
20334 25
20335 21
20336 21
20337 26
20338 17
20339 17
20340 25
20341 28
20342 15
20343 20
20344 23
20345 12
20346 21
20347 22
20348 22
20349 25
20350 26
20351 26
20352 22
20353 20
20354 16
20355 22
20356 20
20357 12
20358 17
20359 18
20360 13
20361 18
20362 24
20363 22
20364 24
20365 28
20366 19
20367 14
20368 0
20369 1
20370 0
20371 0
20372 0
20373 0
20374 0
20375 8
20376 17
20377 13
20378 11
20379 4
20380 12
20381 26
20382 9
20383 8
20384 10
20385 8
20386 9
20387 3
20388 5
20389 9
20390 5
20391 8
20392 3
20393 3
20394 8
20395 12
20396 8
20397 5
20398 7
20399 8
20400 8
20401 7
20402 10
20403 6
20404 11
20405 8
20406 4
20407 8
20408 7
20409 5
20410 7
20411 17
20412 14
20413 13
20414 13
20415 10
20416 17
20417 13
20418 17
20419 14
20420 17
20421 16
20422 14
20423 6
20424 19
20425 15
20426 19
20427 26
20428 16
20429 22
20430 30
20431 22
20432 25
20433 23
20434 24
20435 20
20436 18
20437 15
20438 27
20439 22
20440 31
20441 18
20442 26
20443 36
20444 34
20445 25
20446 24
20447 21
20448 24
20449 0
20450 28
20451 18
20452 26
20453 17
20454 29
20455 28
20456 16
20457 20
20458 18
20459 17
20460 13
20461 17
20462 21
20463 23
20464 24
20465 22
20466 23
20467 20
20468 12
20469 17
20470 9
20471 11
20472 7
20473 17
20474 14
20475 11
20476 12
20477 12
20478 16
20479 17
20480 9
20481 10
20482 13
20483 8
20484 11
20485 7
20486 4
20487 6
20488 5
20489 6
20490 4
20491 7
20492 13
20493 4
20494 6
20495 5
20496 9
20497 8
20498 5
20499 6
20500 10
20501 8
20502 13
20503 5
20504 5
20505 9
20506 5
20507 2
20508 10
20509 13
20510 12
20511 10
20512 13
20513 11
20514 13
20515 12
20516 12
20517 12
20518 14
20519 10
20520 9
20521 10
20522 17
20523 19
20524 17
20525 19
20526 15
20527 20
20528 18
20529 24
20530 15
20531 19
20532 21
20533 25
20534 23
20535 8
20536 35
20537 17
20538 18
20539 22
20540 24
20541 22
20542 22
20543 0
20544 0
20545 0
20546 0
20547 0
20548 0
20549 0
20550 25
20551 16
20552 20
20553 17
20554 11
20555 13
20556 18
20557 20
20558 12
20559 16
20560 19
20561 19
20562 19
20563 15
20564 11
20565 17
20566 13
20567 8
20568 11
20569 12
20570 10
20571 16
20572 9
20573 17
20574 8
20575 20
20576 19
20577 17
20578 12
20579 7
20580 10
20581 11
20582 4
20583 14
20584 3
20585 6
20586 9
20587 8
20588 10
20589 7
20590 5
20591 10
20592 3
20593 6
20594 8
20595 6
20596 10
20597 10
20598 2
20599 9
20600 13
20601 6
20602 8
20603 6
20604 4
20605 4
20606 19
20607 5
20608 8
20609 10
20610 22
20611 16
20612 7
20613 17
20614 15
20615 15
20616 12
20617 7
20618 13
20619 11
20620 17
20621 16
20622 28
20623 18
20624 26
20625 35
20626 16
20627 26
20628 23
20629 23
20630 26
20631 22
20632 14
20633 13
20634 28
20635 29
20636 20
20637 25
20638 24
20639 18
20640 17
20641 23
20642 23
20643 26
20644 25
20645 31
20646 27
20647 17
20648 20
20649 29
20650 21
20651 19
20652 18
20653 22
20654 13
20655 22
20656 29
20657 31
20658 28
20659 28
20660 24
20661 22
20662 18
20663 19
20664 16
20665 19
20666 12
20667 7
20668 14
20669 9
20670 11
20671 13
20672 14
20673 19
20674 16
20675 14
20676 12
20677 7
20678 8
20679 11
20680 7
20681 10
20682 6
20683 5
20684 7
20685 6
20686 9
20687 7
20688 8
20689 12
20690 2
20691 8
20692 4
20693 6
20694 3
20695 6
20696 7
20697 8
20698 10
20699 6
20700 3
20701 4
20702 8
20703 6
20704 12
20705 6
20706 14
20707 17
20708 13
20709 9
20710 16
20711 12
20712 11
20713 12
20714 15
20715 17
20716 6
20717 12
20718 11
20719 21
20720 17
20721 14
20722 6
20723 16
20724 13
20725 31
20726 17
20727 23
20728 19
20729 16
20730 17
20731 13
20732 28
20733 18
20734 21
20735 22
20736 25
20737 21
20738 21
20739 10
20740 16
20741 21
20742 28
20743 29
20744 23
20745 23
20746 21
20747 19
20748 16
20749 18
20750 17
20751 12
20752 22
20753 12
20754 14
20755 9
20756 22
20757 28
20758 21
20759 20
20760 22
20761 9
20762 7
20763 13
20764 11
20765 7
20766 13
20767 14
20768 13
20769 6
20770 15
20771 6
20772 15
20773 13
20774 11
20775 10
20776 8
20777 10
20778 2
20779 10
20780 4
20781 7
20782 4
20783 7
20784 3
20785 6
20786 10
20787 12
20788 3
20789 4
20790 5
20791 4
20792 5
20793 8
20794 5
20795 7
20796 8
20797 10
20798 7
20799 5
20800 5
20801 4
20802 12
20803 11
20804 11
20805 18
20806 20
20807 17
20808 18
20809 16
20810 20
20811 11
20812 16
20813 15
20814 15
20815 6
20816 18
20817 16
20818 21
20819 22
20820 26
20821 25
20822 19
20823 29
20824 17
20825 19
20826 31
20827 25
20828 23
20829 16
20830 29
20831 33
20832 29
20833 22
20834 33
20835 19
20836 24
20837 22
20838 30
20839 35
20840 28
20841 28
20842 29
20843 21
20844 24
20845 22
20846 25
20847 21
20848 18
20849 16
20850 25
20851 17
20852 21
20853 18
20854 10
20855 26
20856 22
20857 20
20858 14
20859 25
20860 12
20861 19
20862 12
20863 18
20864 16
20865 7
20866 10
20867 10
20868 17
20869 12
20870 19
20871 13
20872 10
20873 9
20874 7
20875 4
20876 8
20877 9
20878 6
20879 4
20880 7
20881 7
20882 9
20883 8
20884 15
20885 12
20886 5
20887 5
20888 5
20889 4
20890 8
20891 6
20892 7
20893 7
20894 3
20895 5
20896 9
20897 4
20898 6
20899 5
20900 8
20901 16
20902 14
20903 7
20904 12
20905 24
20906 20
20907 19
20908 16
20909 13
20910 12
20911 12
20912 14
20913 6
20914 20
20915 11
20916 19
20917 18
20918 19
20919 18
20920 17
20921 19
20922 20
20923 15
20924 20
20925 17
20926 10
20927 28
20928 21
20929 26
20930 17
20931 30
20932 21
20933 26
20934 20
20935 21
20936 23
20937 22
20938 24
20939 18
20940 20
20941 17
20942 21
20943 19
20944 17
20945 18
20946 10
20947 14
20948 16
20949 18
20950 25
20951 20
20952 16
20953 24
20954 17
20955 14
20956 9
20957 17
20958 14
20959 19
20960 15
20961 7
20962 13
20963 12
20964 6
20965 9
20966 12
20967 9
20968 20
20969 12
20970 12
20971 15
20972 8
20973 5
20974 6
20975 3
20976 8
20977 4
20978 6
20979 7
20980 2
20981 3
20982 16
20983 11
20984 6
20985 2
20986 10
20987 5
20988 8
20989 9
20990 5
20991 9
20992 5
20993 11
20994 8
20995 2
20996 3
20997 5
20998 11
20999 6
21000 17
21001 12
21002 12
21003 12
21004 16
21005 17
21006 16
21007 11
21008 15
21009 16
21010 13
21011 10
21012 16
21013 23
21014 23
21015 23
21016 20
21017 17
21018 24
21019 24
21020 29
21021 18
21022 19
21023 19
21024 16
21025 22
21026 26
21027 20
21028 28
21029 25
21030 18
21031 19
21032 25
21033 20
21034 22
21035 23
21036 28
21037 23
21038 29
21039 25
21040 18
21041 31
21042 21
21043 15
21044 17
21045 25
21046 17
21047 14
21048 14
21049 19
21050 23
21051 21
21052 30
21053 19
21054 16
21055 10
21056 15
21057 16
21058 13
21059 11
21060 11
21061 11
21062 8
21063 9
21064 19
21065 13
21066 24
21067 10
21068 7
21069 10
21070 9
21071 4
21072 6
21073 3
21074 9
21075 4
21076 10
21077 6
21078 7
21079 9
21080 5
21081 10
21082 4
21083 5
21084 7
21085 7
21086 4
21087 13
21088 4
21089 8
21090 7
21091 5
21092 10
21093 6
21094 6
21095 7
21096 8
21097 10
21098 8
21099 13
21100 17
21101 12
21102 16
21103 20
21104 17
21105 14
21106 9
21107 11
21108 15
21109 8
21110 13
21111 20
21112 24
21113 21
21114 24
21115 17
21116 29
21117 19
21118 15
21119 15
21120 18
21121 27
21122 16
21123 19
21124 19
21125 25
21126 31
21127 16
21128 25
21129 21
21130 30
21131 19
21132 11
21133 26
21134 19
21135 33
21136 28
21137 15
21138 17
21139 24
21140 14
21141 15
21142 12
21143 17
21144 27
21145 13
21146 18
21147 26
21148 18
21149 25
21150 16
21151 30
21152 12
21153 14
21154 10
21155 13
21156 13
21157 11
21158 5
21159 8
21160 11
21161 16
21162 12
21163 16
21164 15
21165 21
21166 3
21167 8
21168 11
21169 8
21170 6
21171 11
21172 5
21173 1
21174 3
21175 4
21176 6
21177 8
21178 3
21179 11
21180 5
21181 6
21182 2
21183 5
21184 10
21185 16
21186 8
21187 9
21188 3
21189 5
21190 5
21191 7
21192 6
21193 3
21194 12
21195 9
21196 15
21197 10
21198 14
21199 16
21200 20
21201 13
21202 10
21203 14
21204 17
21205 9
21206 9
21207 9
21208 15
21209 18
21210 22
21211 21
21212 22
21213 23
21214 15
21215 25
21216 18
21217 13
21218 19
21219 19
21220 13
21221 12
21222 27
21223 20
21224 23
21225 24
21226 28
21227 21
21228 15
21229 24
21230 20
21231 24
21232 25
21233 17
21234 20
21235 26
21236 27
21237 17
21238 20
21239 13
21240 19
21241 34
21242 15
21243 18
21244 16
21245 20
21246 20
21247 21
21248 22
21249 18
21250 12
21251 16
21252 11
21253 17
21254 7
21255 10
21256 8
21257 8
21258 13
21259 11
21260 9
21261 11
21262 10
21263 20
21264 11
21265 12
21266 9
21267 8
21268 8
21269 5
21270 5
21271 4
21272 5
21273 6
21274 9
21275 7
21276 8
21277 11
21278 4
21279 9
21280 3
21281 8
21282 12
21283 10
21284 7
21285 9
21286 7
21287 10
21288 10
21289 6
21290 2
21291 3
21292 9
21293 12
21294 15
21295 11
21296 15
21297 8
21298 13
21299 11
21300 17
21301 13
21302 14
21303 13
21304 15
21305 16
21306 18
21307 18
21308 20
21309 21
21310 21
21311 23
21312 21
21313 24
21314 21
21315 21
21316 27
21317 26
21318 17
21319 21
21320 23
21321 24
21322 22
21323 17
21324 28
21325 21
21326 11
21327 26
21328 24
21329 18
21330 26
21331 19
21332 23
21333 22
21334 23
21335 20
21336 15
21337 10
21338 12
21339 25
21340 12
21341 19
21342 22
21343 17
21344 24
21345 24
21346 24
21347 21
21348 17
21349 12
21350 17
21351 8
21352 7
21353 11
21354 15
21355 9
21356 12
21357 9
21358 10
21359 9
21360 14
21361 23
21362 10
21363 12
21364 8
21365 6
21366 7
21367 5
21368 1
21369 8
21370 8
21371 5
21372 7
21373 7
21374 12
21375 8
21376 1
21377 4
21378 4
21379 7
21380 9
21381 6
21382 7
21383 10
21384 11
21385 12
21386 8
21387 6
21388 3
21389 6
21390 7
21391 11
21392 16
21393 14
21394 15
21395 15
21396 18
21397 11
21398 11
21399 10
21400 20
21401 11
21402 11
21403 9
21404 13
21405 14
21406 23
21407 25
21408 23
21409 21
21410 27
21411 16
21412 23
21413 15
21414 18
21415 18
21416 19
21417 16
21418 27
21419 22
21420 22
21421 29
21422 29
21423 15
21424 25
21425 19
21426 22
21427 26
21428 24
21429 14
21430 16
21431 20
21432 25
21433 25
21434 33
21435 26
21436 14
21437 12
21438 20
21439 13
21440 19
21441 18
21442 20
21443 18
21444 22
21445 24
21446 10
21447 21
21448 16
21449 10
21450 12
21451 13
21452 11
21453 13
21454 9
21455 8
21456 10
21457 14
21458 15
21459 17
21460 11
21461 17
21462 12
21463 9
21464 7
21465 9
21466 6
21467 10
21468 7
21469 8
21470 9
21471 6
21472 13
21473 11
21474 7
21475 6
21476 4
21477 7
21478 5
21479 3
21480 15
21481 11
21482 8
21483 13
21484 5
21485 11
21486 4
21487 3
21488 11
21489 10
21490 10
21491 9
21492 11
21493 12
21494 13
21495 12
21496 17
21497 11
21498 16
21499 14
21500 8
21501 8
21502 12
21503 9
21504 15
21505 20
21506 21
21507 14
21508 22
21509 16
21510 17
21511 15
21512 20
21513 20
21514 17
21515 17
21516 30
21517 29
21518 19
21519 21
21520 23
21521 16
21522 32
21523 21
21524 12
21525 14
21526 18
21527 18
21528 17
21529 27
21530 19
21531 17
21532 21
21533 20
21534 16
21535 17
21536 23
21537 16
21538 14
21539 13
21540 20
21541 23
21542 17
21543 24
21544 14
21545 13
21546 9
21547 15
21548 11
21549 10
21550 5
21551 7
21552 13
21553 8
21554 19
21555 14
21556 9
21557 12
21558 8
21559 6
21560 3
21561 7
21562 5
21563 6
21564 7
21565 4
21566 4
21567 5
21568 9
21569 7
21570 7
21571 9
21572 6
21573 2
21574 6
21575 4
21576 3
21577 3
21578 7
21579 10
21580 8
21581 6
21582 6
21583 4
21584 5
21585 7
21586 6
21587 11
21588 7
21589 11
21590 9
21591 16
21592 18
21593 14
21594 15
21595 10
21596 9
21597 7
21598 4
21599 7
21600 10
21601 14
21602 20
21603 22
21604 13
21605 21
21606 18
21607 21
21608 18
21609 16
21610 15
21611 20
21612 8
21613 20
21614 36
21615 15
21616 24
21617 20
21618 22
21619 15
21620 18
21621 21
21622 18
21623 20
21624 19
21625 17
21626 20
21627 14
21628 0
21629 0
21630 0
21631 0
21632 0
21633 0
21634 0
21635 10
21636 21
21637 17
21638 12
21639 20
21640 16
21641 25
21642 14
21643 13
21644 14
21645 8
21646 8
21647 9
21648 4
21649 9
21650 13
21651 7
21652 12
21653 15
21654 10
21655 11
21656 13
21657 6
21658 9
21659 3
21660 3
21661 3
21662 1
21663 7
21664 4
21665 4
21666 8
21667 5
21668 7
21669 6
21670 5
21671 6
21672 8
21673 11
21674 9
21675 3
21676 11
21677 5
21678 7
21679 2
21680 10
21681 5
21682 3
21683 6
21684 9
21685 11
21686 6
21687 15
21688 6
21689 13
21690 15
21691 8
21692 6
21693 11
21694 15
21695 11
21696 7
21697 5
21698 17
21699 12
21700 17
21701 21
21702 17
21703 30
21704 21
21705 14
21706 16
21707 11
21708 13
21709 16
21710 9
21711 14
21712 20
21713 17
21714 21
21715 20
21716 16
21717 20
21718 14
21719 20
21720 15
21721 19
21722 21
21723 13
21724 21
21725 12
21726 20
21727 25
21728 24
21729 18
21730 19
21731 23
21732 15
21733 11
21734 13
21735 11
21736 20
21737 19
21738 25
21739 14
21740 15
21741 11
21742 13
21743 10
21744 12
21745 16
21746 4
21747 9
21748 7
21749 11
21750 11
21751 11
21752 16
21753 7
21754 9
21755 12
21756 5
21757 10
21758 7
21759 6
21760 4
21761 2
21762 2
21763 5
21764 6
21765 7
21766 12
21767 7
21768 4
21769 4
21770 3
21771 9
21772 7
21773 5
21774 9
21775 7
21776 8
21777 6
21778 6
21779 2
21780 5
21781 3
21782 9
21783 14
21784 12
21785 9
21786 16
21787 17
21788 14
21789 10
21790 12
21791 13
21792 8
21793 9
21794 9
21795 12
21796 20
21797 18
21798 16
21799 17
21800 20
21801 20
21802 23
21803 20
21804 29
21805 23
21806 21
21807 21
21808 15
21809 12
21810 23
21811 30
21812 21
21813 24
21814 21
21815 26
21816 23
21817 28
21818 22
21819 20
21820 19
21821 29
21822 21
21823 20
21824 24
21825 15
21826 21
21827 10
21828 19
21829 14
21830 11
21831 17
21832 18
21833 16
21834 12
21835 14
21836 21
21837 23
21838 18
21839 12
21840 12
21841 10
21842 11
21843 6
21844 7
21845 8
21846 11
21847 11
21848 13
21849 20
21850 17
21851 16
21852 2
21853 10
21854 10
21855 2
21856 7
21857 4
21858 5
21859 5
21860 2
21861 8
21862 9
21863 12
21864 5
21865 9
21866 6
21867 2
21868 5
21869 8
21870 7
21871 8
21872 10
21873 5
21874 7
21875 9
21876 9
21877 7
21878 6
21879 4
21880 13
21881 15
21882 12
21883 14
21884 18
21885 18
21886 18
21887 16
21888 14
21889 10
21890 8
21891 10
21892 10
21893 6
21894 15
21895 18
21896 20
21897 17
21898 12
21899 25
21900 28
21901 27
21902 20
21903 12
21904 24
21905 22
21906 20
21907 21
21908 16
21909 19
21910 21
21911 21
21912 21
21913 24
21914 26
21915 28
21916 18
21917 18
21918 12
21919 20
21920 13
21921 15
21922 15
21923 31
21924 16
21925 14
21926 19
21927 22
21928 20
21929 13
21930 15
21931 11
21932 12
21933 17
21934 23
21935 20
21936 19
21937 14
21938 13
21939 15
21940 11
21941 11
21942 18
21943 13
21944 13
21945 10
21946 14
21947 14
21948 13
21949 13
21950 11
21951 7
21952 8
21953 4
21954 7
21955 8
21956 8
21957 10
21958 4
21959 9
21960 9
21961 9
21962 5
21963 9
21964 8
21965 5
21966 6
21967 7
21968 5
21969 8
21970 5
21971 3
21972 9
21973 8
21974 11
21975 6
21976 5
21977 3
21978 12
21979 15
21980 13
21981 10
21982 16
21983 18
21984 13
21985 9
21986 14
21987 12
21988 8
21989 6
21990 9
21991 13
21992 21
21993 18
21994 21
21995 23
21996 32
21997 17
21998 22
21999 23
22000 24
22001 24
22002 16
22003 21
22004 15
22005 12
22006 20
22007 16
22008 20
22009 21
22010 23
22011 19
22012 30
22013 23
22014 28
22015 23
22016 17
22017 27
22018 24
22019 30
22020 20
22021 17
22022 22
22023 17
22024 20
22025 15
22026 12
22027 21
22028 17
22029 18
22030 18
22031 20
22032 21
22033 26
22034 21
22035 15
22036 11
22037 9
22038 15
22039 13
22040 16
22041 8
22042 10
22043 8
22044 13
22045 19
22046 8
22047 10
22048 7
22049 8
22050 13
22051 7
22052 8
22053 7
22054 8
22055 8
22056 7
22057 8
22058 7
22059 3
22060 6
22061 7
22062 5
22063 3
22064 11
22065 9
22066 12
22067 11
22068 8
22069 3
22070 7
22071 10
22072 7
22073 7
22074 6
22075 1
22076 11
22077 11
22078 10
22079 12
22080 10
22081 15
22082 17
22083 15
22084 17
22085 14
22086 11
22087 13
22088 7
22089 5
22090 32
22091 20
22092 20
22093 11
22094 22
22095 14
22096 23
22097 17
22098 24
22099 14
22100 22
22101 20
22102 19
22103 18
22104 26
22105 12
22106 25
22107 27
22108 17
22109 22
22110 20
22111 25
22112 21
22113 21
22114 23
22115 0
22116 15
22117 24
22118 19
22119 18
22120 19
22121 22
22122 20
22123 22
22124 14
22125 10
22126 16
22127 17
22128 13
22129 12
22130 18
22131 15
22132 13
22133 21
22134 15
22135 15
22136 13
22137 9
22138 11
22139 11
22140 11
22141 16
22142 13
22143 15
22144 16
22145 13
22146 11
22147 7
22148 4
22149 9
22150 6
22151 4
22152 5
22153 8
22154 1
22155 6
22156 4
22157 11
22158 12
22159 8
22160 7
22161 4
22162 8
22163 8
22164 9
22165 14
22166 8
22167 10
22168 11
22169 5
22170 2
22171 8
22172 4
22173 1
22174 7
22175 11
22176 13
22177 14
22178 21
22179 20
22180 17
22181 6
22182 12
22183 14
22184 13
22185 20
22186 7
22187 5
22188 14
22189 23
22190 20
22191 17
22192 29
22193 29
22194 18
22195 17
22196 25
22197 19
22198 14
22199 20
22200 14
22201 18
22202 17
22203 28
22204 24
22205 20
22206 23
22207 19
22208 22
22209 25
22210 21
22211 31
22212 24
22213 28
22214 25
22215 18
22216 29
22217 29
22218 20
22219 17
22220 26
22221 21
22222 13
22223 14
22224 18
22225 14
22226 19
22227 10
22228 16
22229 27
22230 18
22231 18
22232 13
22233 16
22234 10
22235 12
22236 7
22237 13
22238 9
22239 8
22240 11
22241 16
22242 18
22243 15
22244 12
22245 8
22246 5
22247 5
22248 9
22249 9
22250 6
22251 7
22252 3
22253 7
22254 5
22255 6
22256 11
22257 8
22258 4
22259 6
22260 4
22261 1
22262 8
22263 8
22264 12
22265 10
22266 3
22267 5
22268 7
22269 2
22270 3
22271 5
22272 5
22273 12
22274 12
22275 14
22276 12
22277 14
22278 17
22279 18
22280 12
22281 19
22282 4
22283 14
22284 14
22285 12
22286 18
22287 11
22288 16
22289 14
22290 21
22291 33
22292 25
22293 18
22294 13
22295 12
22296 14
22297 19
22298 24
22299 0
22300 20
22301 22
22302 26
22303 20
22304 30
22305 25
22306 26
22307 22
22308 18
22309 23
22310 26
22311 30
22312 25
22313 15
22314 14
22315 16
22316 17
22317 19
22318 18
22319 17
22320 28
22321 20
22322 15
22323 20
22324 25
22325 19
22326 19
22327 19
22328 6
22329 18
22330 14
22331 20
22332 17
22333 8
22334 12
22335 11
22336 10
22337 13
22338 10
22339 15
22340 20
22341 12
22342 8
22343 6
22344 9
22345 12
22346 7
22347 6
22348 7
22349 3
22350 3
22351 7
22352 10
22353 15
22354 8
22355 9
22356 7
22357 6
22358 7
22359 3
22360 11
22361 8
22362 10
22363 12
22364 7
22365 7
22366 12
22367 10
22368 2
22369 2
22370 5
22371 9
22372 13
22373 11
22374 18
22375 17
22376 12
22377 25
22378 19
22379 15
22380 17
22381 13
22382 11
22383 13
22384 17
22385 15
22386 23
22387 19
22388 23
22389 16
22390 18
22391 24
22392 13
22393 18
22394 18
22395 22
22396 15
22397 10
22398 28
22399 21
22400 27
22401 31
22402 22
22403 16
22404 14
22405 28
22406 31
22407 20
22408 27
22409 21
22410 21
22411 19
22412 18
22413 23
22414 19
22415 25
22416 11
22417 17
22418 9
22419 11
22420 17
22421 21
22422 20
22423 27
22424 18
22425 27
22426 13
22427 25
22428 10
22429 8
22430 18
22431 9
22432 11
22433 16
22434 10
22435 9
22436 17
22437 11
22438 0
22439 15
22440 10
22441 10
22442 12
22443 10
22444 2
22445 7
22446 2
22447 4
22448 6
22449 2
22450 4
22451 14
22452 6
22453 14
22454 5
22455 4
22456 0
22457 6
22458 9
22459 7
22460 9
22461 6
22462 8
22463 7
22464 5
22465 10
22466 4
22467 8
22468 7
22469 15
22470 8
22471 11
22472 12
22473 16
22474 20
22475 17
22476 24
22477 17
22478 13
22479 11
22480 7
22481 12
22482 17
22483 23
22484 18
22485 16
22486 20
22487 11
22488 20
22489 18
22490 21
22491 19
22492 16
22493 12
22494 13
22495 15
22496 28
22497 20
22498 21
22499 24
22500 24
22501 0
22502 31
22503 28
22504 27
22505 18
22506 26
22507 20
22508 23
22509 22
22510 32
22511 34
22512 20
22513 14
22514 19
22515 20
22516 18
22517 9
22518 19
22519 14
22520 19
22521 21
22522 17
22523 19
22524 12
22525 14
22526 11
22527 9
22528 11
22529 4
22530 9
22531 8
22532 13
22533 16
22534 15
22535 13
22536 11
22537 13
22538 12
22539 8
22540 9
22541 6
22542 5
22543 5
22544 7
22545 1
22546 3
22547 6
22548 9
22549 11
22550 8
22551 9
22552 6
22553 3
22554 8
22555 6
22556 11
22557 5
22558 12
22559 14
22560 6
22561 9
22562 5
22563 6
22564 2
22565 2
22566 14
22567 10
22568 9
22569 14
22570 12
22571 13
22572 7
22573 19
22574 17
22575 14
22576 8
22577 15
22578 7
22579 19
22580 8
22581 18
22582 18
22583 23
22584 17
22585 14
22586 22
22587 13
22588 24
22589 17
22590 19
22591 16
22592 18
22593 16
22594 24
22595 34
22596 20
22597 25
22598 22
22599 27
22600 28
22601 24
22602 22
22603 20
22604 27
22605 27
22606 17
22607 27
22608 27
22609 21
22610 18
22611 29
22612 19
22613 19
22614 17
22615 25
22616 18
22617 15
22618 21
22619 26
22620 22
22621 17
22622 19
22623 10
22624 10
22625 7
22626 13
22627 6
22628 15
22629 9
22630 8
22631 11
22632 15
22633 22
22634 15
22635 14
22636 11
22637 10
22638 7
22639 11
22640 11
22641 6
22642 4
22643 5
22644 7
22645 2
22646 6
22647 8
22648 8
22649 11
22650 6
22651 7
22652 6
22653 12
22654 14
22655 9
22656 4
22657 11
22658 11
22659 8
22660 9
22661 3
22662 0
22663 2
22664 14
22665 12
22666 8
22667 14
22668 15
22669 20
22670 24
22671 19
22672 18
22673 7
22674 9
22675 9
22676 10
22677 14
22678 13
22679 23
22680 19
22681 14
22682 22
22683 19
22684 25
22685 16
22686 24
22687 17
22688 14
22689 16
22690 19
22691 14
22692 27
22693 27
22694 21
22695 22
22696 17
22697 15
22698 19
22699 24
22700 34
22701 25
22702 27
22703 28
22704 16
22705 23
22706 18
22707 32
22708 20
22709 26
22710 23
22711 15
22712 11
22713 11
22714 16
22715 16
22716 16
22717 29
22718 26
22719 19
22720 22
22721 10
22722 15
22723 18
22724 13
22725 9
22726 8
22727 16
22728 10
22729 12
22730 16
22731 11
22732 18
22733 14
22734 14
22735 11
22736 9
22737 11
22738 7
22739 7
22740 7
22741 5
22742 6
22743 3
22744 15
22745 6
22746 15
22747 4
22748 3
22749 3
22750 5
22751 10
22752 9
22753 8
22754 9
22755 9
22756 4
22757 7
22758 7
22759 8
22760 3
22761 2
22762 13
22763 8
22764 16
22765 16
22766 15
22767 17
22768 15
22769 20
22770 12
22771 5
22772 7
22773 17
22774 16
22775 7
22776 14
22777 11
22778 21
22779 20
22780 23
22781 22
22782 25
22783 25
22784 14
22785 17
22786 19
22787 17
22788 20
22789 19
22790 22
22791 18
22792 23
22793 25
22794 29
22795 29
22796 23
22797 19
22798 17
22799 20
22800 38
22801 21
22802 20
22803 23
22804 26
22805 24
22806 17
22807 9
22808 25
22809 19
22810 13
22811 15
22812 14
22813 23
22814 14
22815 21
22816 15
22817 22
22818 16
22819 19
22820 19
22821 15
22822 12
22823 11
22824 11
22825 10
22826 12
22827 20
22828 12
22829 8
22830 13
22831 19
22832 13
22833 10
22834 9
22835 11
22836 8
22837 9
22838 7
22839 7
22840 3
22841 12
22842 8
22843 6
22844 9
22845 7
22846 4
22847 8
22848 6
22849 7
22850 5
22851 2
22852 12
22853 6
22854 8
22855 6
22856 7
22857 8
22858 5
22859 4
22860 7
22861 10
22862 12
22863 12
22864 17
22865 15
22866 15
22867 11
22868 14
22869 15
22870 12
22871 13
22872 11
22873 7
22874 13
22875 22
22876 15
22877 13
22878 21
22879 15
22880 21
22881 17
22882 26
22883 14
22884 14
22885 27
22886 21
22887 19
22888 18
22889 20
22890 21
22891 19
22892 25
22893 22
22894 23
22895 19
22896 22
22897 27
22898 22
22899 23
22900 19
22901 22
22902 29
22903 23
22904 21
22905 17
22906 22
22907 17
22908 16
22909 10
22910 19
22911 18
22912 20
22913 20
22914 18
22915 21
22916 17
22917 21
22918 15
22919 15
22920 21
22921 16
22922 15
22923 11
22924 14
22925 14
22926 21
22927 14
22928 12
22929 11
22930 7
22931 10
22932 13
22933 9
22934 10
22935 6
22936 8
22937 9
22938 1
22939 6
22940 10
22941 8
22942 18
22943 14
22944 2
22945 4
22946 8
22947 7
22948 10
22949 14
22950 15
22951 7
22952 14
22953 7
22954 13
22955 8
22956 5
22957 5
22958 12
22959 14
22960 3
22961 18
22962 21
22963 11
22964 21
22965 13
22966 16
22967 10
22968 14
22969 6
22970 9
22971 4
22972 16
22973 20
22974 13
22975 17
22976 26
22977 24
22978 23
22979 18
22980 23
22981 22
22982 19
22983 23
22984 14
22985 15
22986 13
22987 22
22988 29
22989 13
22990 20
22991 22
22992 17
22993 26
22994 18
22995 26
22996 27
22997 21
22998 28
22999 19
23000 17
23001 17
23002 16
23003 19
23004 14
23005 21
23006 24
23007 20
23008 19
23009 14
23010 15
23011 15
23012 18
23013 24
23014 14
23015 18
23016 21
23017 11
23018 12
23019 15
23020 10
23021 13
23022 7
23023 9
23024 10
23025 13
23026 13
23027 20
23028 16
23029 10
23030 6
23031 5
23032 11
23033 4
23034 4
23035 4
23036 7
23037 6
23038 2
23039 10
23040 11
23041 9
23042 1
23043 6
23044 6
23045 10
23046 6
23047 13
23048 7
23049 10
23050 15
23051 10
23052 10
23053 7
23054 1
23055 5
23056 8
23057 12
23058 10
23059 21
23060 14
23061 13
23062 16
23063 15
23064 11
23065 14
23066 12
23067 8
23068 10
23069 5
23070 23
23071 19
23072 20
23073 24
23074 19
23075 19
23076 14
23077 21
23078 23
23079 16
23080 11
23081 21
23082 18
23083 14
23084 28
23085 26
23086 22
23087 20
23088 24
23089 14
23090 18
23091 23
23092 12
23093 29
23094 12
23095 26
23096 22
23097 25
23098 21
23099 25
23100 17
23101 18
23102 17
23103 20
23104 15
23105 20
23106 12
23107 23
23108 21
23109 16
23110 25
23111 25
23112 14
23113 12
23114 11
23115 10
23116 14
23117 9
23118 10
23119 7
23120 14
23121 8
23122 13
23123 13
23124 11
23125 11
23126 12
23127 7
23128 5
23129 8
23130 6
23131 6
23132 4
23133 5
23134 5
23135 7
23136 3
23137 8
23138 7
23139 9
23140 5
23141 7
23142 4
23143 10
23144 13
23145 8
23146 5
23147 9
23148 8
23149 7
23150 6
23151 7
23152 6
23153 1
23154 16
23155 14
23156 12
23157 12
23158 15
23159 18
23160 13
23161 13
23162 20
23163 9
23164 13
23165 12
23166 12
23167 6
23168 13
23169 18
23170 20
23171 21
23172 16
23173 19
23174 25
23175 19
23176 23
23177 22
23178 20
23179 11
23180 19
23181 19
23182 28
23183 27
23184 18
23185 19
23186 19
23187 20
23188 30
23189 13
23190 18
23191 27
23192 30
23193 20
23194 23
23195 21
23196 21
23197 16
23198 16
23199 18
23200 16
23201 14
23202 17
23203 23
23204 21
23205 12
23206 19
23207 20
23208 24
23209 18
23210 17
23211 16
23212 13
23213 14
23214 7
23215 16
23216 11
23217 15
23218 14
23219 13
23220 8
23221 18
23222 19
23223 13
23224 3
23225 14
23226 10
23227 9
23228 8
23229 8
23230 4
23231 4
23232 10
23233 5
23234 6
23235 5
23236 11
23237 10
23238 3
23239 5
23240 11
23241 4
23242 5
23243 7
23244 7
23245 13
23246 11
23247 8
23248 7
23249 4
23250 3
23251 4
23252 10
23253 12
23254 12
23255 12
23256 13
23257 13
23258 11
23259 9
23260 18
23261 16
23262 9
23263 12
23264 8
23265 15
23266 13
23267 15
23268 24
23269 19
23270 22
23271 26
23272 24
23273 20
23274 22
23275 18
23276 24
23277 15
23278 16
23279 17
23280 25
23281 21
23282 24
23283 23
23284 21
23285 30
23286 25
23287 23
23288 29
23289 28
23290 14
23291 16
23292 23
23293 24
23294 21
23295 26
23296 23
23297 20
23298 18
23299 14
23300 9
23301 15
23302 18
23303 22
23304 20
23305 17
23306 20
23307 8
23308 21
23309 11
23310 17
23311 13
23312 18
23313 11
23314 9
23315 6
23316 12
23317 12
23318 14
23319 11
23320 21
23321 15
23322 3
23323 9
23324 8
23325 6
23326 4
23327 5
23328 7
23329 3
23330 4
23331 4
23332 11
23333 11
23334 11
23335 8
23336 4
23337 5
23338 10
23339 5
23340 12
23341 5
23342 8
23343 12
23344 11
23345 13
23346 5
23347 5
23348 7
23349 7
23350 7
23351 11
23352 10
23353 19
23354 18
23355 21
23356 16
23357 11
23358 12
23359 17
23360 11
23361 13
23362 9
23363 9
23364 13
23365 19
23366 20
23367 17
23368 25
23369 23
23370 19
23371 20
23372 22
23373 16
23374 20
23375 23
23376 12
23377 13
23378 19
23379 28
23380 28
23381 21
23382 29
23383 29
23384 19
23385 16
23386 31
23387 24
23388 17
23389 16
23390 25
23391 30
23392 22
23393 26
23394 26
23395 17
23396 25
23397 15
23398 18
23399 12
23400 19
23401 19
23402 24
23403 22
23404 19
23405 23
23406 13
23407 16
23408 15
23409 11
23410 11
23411 13
23412 10
23413 7
23414 12
23415 11
23416 18
23417 22
23418 22
23419 15
23420 4
23421 4
23422 7
23423 8
23424 3
23425 4
23426 6
23427 9
23428 3
23429 4
23430 7
23431 9
23432 12
23433 7
23434 6
23435 9
23436 7
23437 12
23438 6
23439 6
23440 8
23441 7
23442 11
23443 8
23444 7
23445 7
23446 7
23447 2
23448 11
23449 12
23450 18
23451 13
23452 14
23453 14
23454 21
23455 11
23456 10
23457 16
23458 15
23459 14
23460 7
23461 14
23462 15
23463 20
23464 26
23465 16
23466 11
23467 20
23468 23
23469 19
23470 21
23471 18
23472 13
23473 10
23474 16
23475 20
23476 20
23477 25
23478 18
23479 19
23480 19
23481 21
23482 29
23483 22
23484 12
23485 18
23486 29
23487 25
23488 34
23489 30
23490 23
23491 17
23492 22
23493 18
23494 22
23495 17
23496 18
23497 32
23498 23
23499 18
23500 23
23501 21
23502 25
23503 25
23504 9
23505 20
23506 15
23507 17
23508 11
23509 10
23510 18
23511 9
23512 7
23513 7
23514 17
23515 11
23516 14
23517 16
23518 14
23519 11
23520 15
23521 9
23522 12
23523 8
23524 3
23525 8
23526 3
23527 6
23528 5
23529 7
23530 10
23531 12
23532 6
23533 6
23534 5
23535 6
23536 6
23537 5
23538 4
23539 7
23540 9
23541 6
23542 7
23543 5
23544 7
23545 2
23546 10
23547 8
23548 7
23549 14
23550 19
23551 15
23552 6
23553 20
23554 18
23555 17
23556 11
23557 11
23558 12
23559 7
23560 13
23561 16
23562 14
23563 28
23564 20
23565 26
23566 33
23567 17
23568 21
23569 16
23570 12
23571 15
23572 13
23573 10
23574 24
23575 26
23576 12
23577 25
23578 27
23579 26
23580 23
23581 28
23582 25
23583 14
23584 27
23585 20
23586 28
23587 19
23588 21
23589 24
23590 21
23591 15
23592 18
23593 20
23594 17
23595 13
23596 17
23597 15
23598 18
23599 26
23600 20
23601 16
23602 18
23603 12
23604 10
23605 15
23606 10
23607 18
23608 15
23609 13
23610 6
23611 14
23612 12
23613 13
23614 16
23615 11
23616 11
23617 11
23618 10
23619 3
23620 5
23621 6
23622 5
23623 8
23624 6
23625 9
23626 7
23627 9
23628 9
23629 4
23630 6
23631 4
23632 4
23633 10
23634 7
23635 8
23636 9
23637 10
23638 10
23639 7
23640 10
23641 5
23642 2
23643 3
23644 12
23645 14
23646 10
23647 15
23648 13
23649 12
23650 20
23651 16
23652 14
23653 13
23654 8
23655 15
23656 9
23657 9
23658 21
23659 11
23660 16
23661 11
23662 17
23663 15
23664 14
23665 16
23666 22
23667 16
23668 15
23669 14
23670 21
23671 17
23672 25
23673 22
23674 15
23675 21
23676 12
23677 21
23678 24
23679 20
23680 21
23681 14
23682 25
23683 23
23684 24
23685 21
23686 17
23687 20
23688 18
23689 16
23690 17
23691 15
23692 15
23693 17
23694 18
23695 10
23696 16
23697 22
23698 24
23699 24
23700 10
23701 7
23702 12
23703 17
23704 11
23705 11
23706 7
23707 8
23708 7
23709 7
23710 23
23711 16
23712 16
23713 11
23714 7
23715 12
23716 14
23717 8
23718 6
23719 7
23720 10
23721 6
23722 9
23723 9
23724 8
23725 4
23726 11
23727 7
23728 3
23729 8
23730 6
23731 15
23732 9
23733 13
23734 9
23735 8
23736 9
23737 8
23738 6
23739 6
23740 7
23741 5
23742 8
23743 13
23744 8
23745 16
23746 10
23747 13
23748 12
23749 20
23750 18
23751 16
23752 15
23753 12
23754 14
23755 6
23756 19
23757 17
23758 24
23759 18
23760 16
23761 26
23762 20
23763 20
23764 13
23765 21
23766 13
23767 17
23768 26
23769 13
23770 18
23771 18
23772 51
23773 23
23774 12
23775 27
23776 26
23777 19
23778 20
23779 29
23780 21
23781 21
23782 25
23783 22
23784 28
23785 21
23786 15
23787 13
23788 24
23789 14
23790 16
23791 22
23792 16
23793 23
23794 13
23795 16
23796 24
23797 22
23798 23
23799 14
23800 12
23801 13
23802 17
23803 8
23804 9
23805 11
23806 16
23807 7
23808 10
23809 12
23810 15
23811 12
23812 14
23813 12
23814 17
23815 5
23816 10
23817 4
23818 4
23819 8
23820 6
23821 4
23822 5
23823 7
23824 14
23825 8
23826 0
23827 4
23828 7
23829 8
23830 5
23831 8
23832 12
23833 19
23834 9
23835 11
23836 7
23837 5
23838 8
23839 5
23840 10
23841 4
23842 13
23843 18
23844 12
23845 11
23846 16
23847 14
23848 17
23849 8
23850 12
23851 13
23852 14
23853 11
23854 20
23855 16
23856 23
23857 17
23858 16
23859 21
23860 27
23861 20
23862 18
23863 29
23864 13
23865 15
23866 19
23867 13
23868 18
23869 23
23870 19
23871 16
23872 15
23873 18
23874 18
23875 19
23876 22
23877 20
23878 20
23879 21
23880 30
23881 20
23882 17
23883 30
23884 18
23885 22
23886 5
23887 9
23888 18
23889 22
23890 20
23891 17
23892 22
23893 15
23894 21
23895 21
23896 13
23897 12
23898 20
23899 15
23900 8
23901 12
23902 8
23903 14
23904 18
23905 9
23906 14
23907 17
23908 10
23909 17
23910 11
23911 10
23912 8
23913 7
23914 5
23915 5
23916 7
23917 4
23918 3
23919 11
23920 3
23921 4
23922 6
23923 5
23924 6
23925 7
23926 6
23927 6
23928 3
23929 10
23930 5
23931 2
23932 4
23933 7
23934 9
23935 6
23936 4
23937 5
23938 9
23939 10
23940 10
23941 12
23942 12
23943 8
23944 17
23945 16
23946 17
23947 18
23948 16
23949 16
23950 5
23951 9
23952 18
23953 16
23954 15
23955 11
23956 21
23957 26
23958 22
23959 22
23960 19
23961 17
23962 10
23963 19
23964 15
23965 21
23966 26
23967 29
23968 24
23969 19
23970 18
23971 28
23972 24
23973 22
23974 19
23975 28
23976 21
23977 26
23978 22
23979 25
23980 28
23981 15
23982 16
23983 15
23984 20
23985 13
23986 21
23987 15
23988 23
23989 22
23990 17
23991 24
23992 18
23993 20
23994 21
23995 8
23996 13
23997 13
23998 9
23999 9
24000 13
24001 16
24002 13
24003 12
24004 15
24005 16
24006 13
24007 26
24008 14
24009 11
24010 12
24011 10
24012 7
24013 7
24014 7
24015 4
24016 7
24017 9
24018 14
24019 8
24020 9
24021 10
24022 3
24023 4
24024 4
24025 6
24026 5
24027 8
24028 8
24029 5
24030 7
24031 5
24032 3
24033 6
24034 1
24035 3
24036 2
24037 4
24038 16
24039 10
24040 17
24041 7
24042 22
24043 15
24044 10
24045 7
24046 14
24047 10
24048 11
24049 7
24050 21
24051 13
24052 25
24053 14
24054 14
24055 12
24056 26
24057 19
24058 17
24059 8
24060 27
24061 16
24062 16
24063 13
24064 20
24065 22
24066 15
24067 23
24068 24
24069 23
24070 17
24071 16
24072 11
24073 20
24074 12
24075 18
24076 15
24077 12
24078 18
24079 30
24080 18
24081 23
24082 17
24083 17
24084 12
24085 21
24086 18
24087 10
24088 15
24089 20
24090 17
24091 18
24092 18
24093 14
24094 14
24095 4
24096 13
24097 14
24098 5
24099 9
24100 13
24101 18
24102 9
24103 7
24104 21
24105 16
24106 9
24107 12
24108 9
24109 7
24110 10
24111 5
24112 6
24113 3
24114 3
24115 6
24116 7
24117 7
24118 7
24119 8
